Graph Used In,A,Year,Unit:,Time,2005,2006,2007,2008,2009,2010,2011,2012,2013,2014,2015,2016,2017,2018,2019,2020,2021,2022,2023,2024,2025,2026,2027,2028,2029,2030,2031,2032,2033,2034,2035,2036,2037,2038,2039,2040,2041,2042,2043,2044,2045,2046,2047,2048,2049,2050,2051,2052,2053,2054,2055,2056,2057,2058,2059,2060,2061,2062,2063,2064,2065,2066,2067,2068,2069,2070,2071,2072,2073,2074,2075,2076,2077,2078,2079,2080,2081,2082,2083,2084,2085,2086,2087,2088,2089,2090,2091,2092,2093,2094,2095,2096,2097,2098,2099,2100
,AU,1G and 2G Biofuel Consumption,MMToe,Baseline,0.639,0.6584879872,0.6680508817,0.6774849891,0.7554632195,0.7655394732,0.8459530842,0.9279765963,0.9393055636,1.0235415367,1.1092500618,1.1963788573,1.2848751855,1.3746860315,1.465758276,1.5580388594,1.6514749379,1.8253783037,1.9216738976,2.0189520301,2.1985914333,2.2983379686,2.4816218043,2.6669154203,2.8541222816,2.9586158199,3.1487963874,3.4262856142,3.6202192824,3.8156140781,4.012386532,4.2981735234,4.4979380652,4.7874876541,5.0789880422,5.3723266336,5.6673946944,5.9640873725,6.3530617274,6.6530847437,7.0459340946,7.3488645707,7.7451332688,8.1431178471,8.5427064982,8.9437922317,9.4397355131,9.8438010124,10.3430885029,10.7497211554,11.251919591,11.7555479388,12.3555462526,12.8619627628,13.4650043338,13.9738047922,14.5794726272,15.1864096216,15.7945192886,16.4037101993,17.1105656584,17.7218348336,18.4309379326,19.1411133433,19.8522743251,20.5643389427,21.2772298652,21.9908741703,22.7052031524,23.4201521361,24.2337727345,24.9498984183,25.7648069289,26.4818768768,27.2978375316,28.0156472705,28.8324521976,29.6496547547,30.3682891606,31.1860672595,32.0041162728,32.8223982918,33.5416423275,34.3602153378,35.0795497303,35.8983021045,36.6176343777,37.4364700745,38.2553449316,38.9745585232,39.6936631272,40.5124314458,41.2313337807,42.0499747634,42.7686291857,43.4871233913
,AU,1G and 2G Biofuel Consumption,MMToe,NoBioF,1.278,1.3169759744,1.3361017634,1.3549699783,1.4422479646,1.4614844488,1.5509139878,1.6418047473,1.6618483049,1.7546426344,1.8487501029,1.9441156432,2.0406841182,2.1384004934,2.2372100002,2.3370582891,2.5165332387,2.6190210444,2.722371355,2.9072909233,3.0128845568,3.2012564562,3.3088290724,3.5003264892,3.6935700114,3.8884665061,4.0849250432,4.2828570177,5.9475031069,6.2437321277,6.4547087688,6.7542726796,6.9673942579,7.2698886599,7.5739295366,8.3271062821,9.6255751159,71.2075886295,114.6273851669,146.7324169493,172.4881268622,194.3774678961,213.1755728271,229.9505437515,244.9528232854,258.6246586995,271.228836227,282.9389662417,293.7437134813,304.0096579388,313.6354393554,322.7087514805,331.4137675604,339.6510907353,347.607204079,355.1834903007,362.568464019,369.7602393311,376.4681457257,383.1713717725,389.6762156434,395.9813258721,402.0854617411,408.1818129704,413.9783087209,419.7659138684,425.4469953324,430.9233965188,436.3900898982,441.6511534614,446.9021652057,452.0450099246,457.0794755935,462.1038292181,467.0196825348,471.925551204,476.7228740061,481.5103932156,486.1893850954,490.9578017143,495.5188404965,500.0705576596,504.7124049641,509.1468902799,513.6719335862,517.9896278734,522.4978209709,526.7988382021,531.291027397,535.5762223659,539.9534979163,544.3234323568,548.6862238705,552.9421859624,557.2912265628,561.5337289399
Consumption of Biofuels,AI,1G Biofuel Consumption,MM Toe,Baseline,0.639,0.6584879872,0.6680508817,0.6774849891,0.7554632195,0.7655394732,0.8459530842,0.9279765963,0.9393055636,1.0235415367,1.1092500618,1.1963788573,1.2848751855,1.3746860315,1.465758276,1.5580388594,1.6514749379,1.8253783037,1.9216738976,2.0189520301,2.1985914333,2.2983379686,2.4816218043,2.6669154203,2.8541222816,2.9586158199,3.1487963874,3.4262856142,3.6202192824,3.8156140781,4.012386532,4.2981735234,4.4979380652,4.7874876541,5.0789880422,5.3723266336,5.6673946944,5.9640873725,6.3530617274,6.6530847437,7.0459340946,7.3488645707,7.7451332688,8.1431178471,8.5427064982,8.9437922317,9.4397355131,9.8438010124,10.3430885029,10.7497211554,11.251919591,11.7555479388,12.3555462526,12.8619627628,13.4650043338,13.9738047922,14.5794726272,15.1864096216,15.7945192886,16.4037101993,17.1105656584,17.7218348336,18.4309379326,19.1411133433,19.8522743251,20.5643389427,21.2772298652,21.9908741703,22.7052031524,23.4201521361,24.2337727345,24.9498984183,25.7648069289,26.4818768768,27.2978375316,28.0156472705,28.8324521976,29.6496547547,30.3682891606,31.1860672595,32.0041162728,32.8223982918,33.5416423275,34.3602153378,35.0795497303,35.8983021045,36.6176343777,37.4364700745,38.2553449316,38.9745585232,39.6936631272,40.5124314458,41.2313337807,42.0499747634,42.7686291857,43.4871233913
Consumption of Biofuels,AI,1G Biofuel Consumption,MM Toe,NoBioF,0.639,0.6584879872,0.6680508817,0.6774849891,0.7554632195,0.7655394732,0.8459530842,0.9279765963,0.9393055636,1.0235415367,1.1092500618,1.1963788573,1.2848751855,1.3746860315,1.465758276,1.5580388594,1.7301166016,1.8253783037,1.9216738976,2.0997101113,2.1985914333,2.3804214675,2.4816218043,2.6669154203,2.8541222816,3.0431477004,3.2338989925,3.4262856142,3.6202192824,3.9023325798,4.0996123261,4.3858913504,4.5861329293,4.8761448329,5.1680930956,5.4618654109,5.7573533403,6.0544523327,6.3530617274,6.7442228908,7.0459340946,7.4407253779,7.7451332688,8.1431178471,8.5427064982,8.9437922317,9.3462727852,9.8438010124,10.2490604256,10.7497211554,11.251919591,11.7555479388,12.2605035891,12.7666889645,13.2740113646,13.7823828088,14.3876374611,14.9941765884,15.5055951552,16.1142329605,16.7238862085,17.3344723236,17.9459132502,18.6552982838,19.2683839038,19.8821096887,20.5940160622,21.208976422,21.9222651126,22.5382217209,23.2526483323,23.967618953,24.584739436,25.3005292094,26.0167115824,26.7332408813,27.3513330778,28.0683398344,28.7855770219,29.5030096614,30.1215211979,30.8391718089,31.5569297638,32.1754617614,32.8932888406,33.5117113829,34.2295277879,34.8477779948,35.5655159911,36.1835415445,36.8014112913,37.5189020286,38.1364879037,38.7538959815,39.3711212598,39.9881594403
Consumption of Biofuels,AN,2G Biofuel Consumption,MM Toe,Baseline,0,0,0,0,0,0,0,0,0,0,0,0,0,0,0,0,0,0,0,0,0,0,0,0,0,0,0,0,0,0,0,0,0,0,0,0,0,0,0,0,0,0,0,0,0,0,0,0,0,0,0,0,0,0,0,0,0,0,0,0,0,0,0,0,0,0,0,0,0,0,0,0,0,0,0,0,0,0,0,0,0,0,0,0,0,0,0,0,0,0,0,0,0,0,0,0
Consumption of Biofuels,AN,2G Biofuel Consumption,MM Toe,NoBioF,0.639,0.6584879872,0.6680508817,0.6774849891,0.686784745,0.6959449756,0.7049609035,0.713828151,0.7225427413,0.7311010977,0.7395000412,0.7477367858,0.7558089327,0.7637144619,0.7714517242,0.7790194297,0.7864166371,0.7936427407,0.8006974573,0.807580812,0.8142931235,0.8208349888,0.8272072681,0.8334110688,0.8394477299,0.8453188057,0.8510260507,0.8565714035,2.3272838244,2.3413995479,2.3550964427,2.3683813292,2.3812613287,2.393743827,2.405836441,2.8652408713,3.8682217755,65.1531362968,108.2743234395,139.9881940584,165.4421927676,186.9367425183,205.4304395583,221.8074259043,236.4101167872,249.6808664678,261.8825634418,273.0951652293,283.4946530558,293.2599367834,302.3835197644,310.9532035417,319.1532639713,326.8844017708,334.3331927145,341.401107492,348.1808265579,354.7660627427,360.9625505705,367.057138812,372.9523294349,378.6468535485,384.1395484909,389.5265146866,394.7099248171,399.8838041797,404.8529792702,409.7144200968,414.4678247856,419.1129317405,423.6495168734,428.0773909716,432.4947361576,436.8033000087,441.0029709523,445.1923103227,449.3715409283,453.4420533812,457.4038080735,461.4547920529,465.3973192986,469.2313858507,473.1554752003,476.9714285185,480.7786447456,484.4779164905,488.2682931831,491.9510602073,495.7255114058,499.3926808213,503.152086625,506.8045303282,510.5497359668,514.188289981,517.9201053031,521.5455694997
GHG Emissions,AA,Biofuels Combustion,GtCO2-eq,Baseline,0.0011,0.00112,0.00113,0.00115,0.00123,0.00132,0.00142,0.00153,0.00165,0.00177,0.0019,0.00204,0.00219,0.00234,0.00251,0.00269,0.00288,0.00307,0.00328,0.00351,0.00374,0.00399,0.00425,0.00453,0.00482,0.00513,0.00546,0.0058,0.00616,0.00653,0.00693,0.00735,0.00779,0.00824,0.00872,0.00921,0.00973,0.01027,0.01083,0.01141,0.01202,0.01265,0.0133,0.01398,0.01468,0.0154,0.01615,0.01693,0.01773,0.01855,0.0194,0.02027,0.02118,0.02211,0.02307,0.02406,0.02508,0.02612,0.02719,0.02828,0.0294,0.03054,0.0317,0.03289,0.03409,0.03532,0.03656,0.03781,0.03907,0.04036,0.04165,0.04296,0.04428,0.04562,0.04696,0.0483,0.04965,0.05101,0.05237,0.05373,0.05508,0.05644,0.05779,0.05914,0.06048,0.06182,0.06315,0.06447,0.06581,0.06714,0.06846,0.06977,0.07107,0.07236,0.07365,0.07492
,AP,Biofuels Combustion,GtCO2-eq/yr,Baseline,0.0011,0.00112,0.00113,0.00115,0.00123,0.00132,0.00142,0.00153,0.00165,0.00177,0.0019,0.00204,0.00219,0.00234,0.00251,0.00269,0.00288,0.00307,0.00328,0.00351,0.00374,0.00399,0.00425,0.00453,0.00482,0.00513,0.00546,0.0058,0.00616,0.00653,0.00693,0.00735,0.00779,0.00824,0.00872,0.00921,0.00973,0.01027,0.01083,0.01141,0.01202,0.01265,0.0133,0.01398,0.01468,0.0154,0.01615,0.01693,0.01773,0.01855,0.0194,0.02027,0.02118,0.02211,0.02307,0.02406,0.02508,0.02612,0.02719,0.02828,0.0294,0.03054,0.0317,0.03289,0.03409,0.03532,0.03656,0.03781,0.03907,0.04036,0.04165,0.04296,0.04428,0.04562,0.04696,0.0483,0.04965,0.05101,0.05237,0.05373,0.05508,0.05644,0.05779,0.05914,0.06048,0.06182,0.06315,0.06447,0.06581,0.06714,0.06846,0.06977,0.07107,0.07236,0.07365,0.07492
GHG Emissions,AA,Biofuels Combustion,GtCO2-eq,NoBioF,0.0011,0.00112,0.00113,0.00115,0.00123,0.00132,0.00143,0.00153,0.00165,0.00178,0.00191,0.00205,0.0022,0.00236,0.00253,0.0027,0.00289,0.0031,0.00331,0.00354,0.00377,0.00403,0.00429,0.00458,0.00487,0.00519,0.00552,0.00587,0.00623,0.00662,0.00702,0.00745,0.0079,0.00837,0.00886,0.00937,0.00991,0.01041,0.01095,0.01151,0.01209,0.01271,0.01334,0.014,0.01468,0.01539,0.01612,0.01687,0.01765,0.01846,0.01928,0.02014,0.02101,0.02191,0.02283,0.02377,0.02474,0.02572,0.02672,0.02774,0.02879,0.02985,0.03093,0.03203,0.03314,0.03427,0.0354,0.03655,0.03771,0.03887,0.04004,0.04121,0.04239,0.04358,0.04477,0.04596,0.04715,0.04835,0.04954,0.05073,0.05192,0.0531,0.05428,0.05545,0.05662,0.05777,0.05892,0.06005,0.06118,0.06232,0.06345,0.06456,0.06567,0.06676,0.06784,0.06892
,AP,Biofuels Combustion,GtCO2-eq/yr,NoBioF,0.00149,0.00151,0.00153,0.00155,0.00164,0.00174,0.00185,0.00196,0.00208,0.00222,0.00235,0.0025,0.00265,0.00282,0.00299,0.00317,0.00336,0.00358,0.00379,0.00402,0.00426,0.00452,0.00479,0.00508,0.00537,0.0057,0.00603,0.00639,0.00764,0.00803,0.00844,0.00888,0.00934,0.00982,0.01031,0.0111,0.01222,0.04968,0.07623,0.09592,0.1119,0.12547,0.1373,0.14785,0.15739,0.16613,0.17421,0.18175,0.18883,0.19554,0.20189,0.20798,0.21381,0.21942,0.22483,0.23007,0.23516,0.2401,0.24491,0.24962,0.25424,0.25875,0.26319,0.26755,0.27184,0.27607,0.28022,0.28432,0.28836,0.29234,0.29628,0.30016,0.304,0.30782,0.31159,0.31532,0.31902,0.3227,0.32633,0.32994,0.33352,0.33707,0.3406,0.34409,0.34757,0.35101,0.35444,0.35783,0.36122,0.36462,0.368,0.37136,0.37471,0.37803,0.38134,0.38464
,F,Biofuels/Capita,Toe,Baseline,0.0001,0.0001,0.0001,0.0001,0.00011,0.00011,0.00012,0.00013,0.00013,0.00014,0.00015,0.00016,0.00017,0.00018,0.00019,0.0002,0.00021,0.00023,0.00024,0.00025,0.00027,0.00028,0.0003,0.00032,0.00034,0.00035,0.00037,0.0004,0.00042,0.00044,0.00046,0.00049,0.00051,0.00054,0.00057,0.0006,0.00063,0.00066,0.0007,0.00073,0.00077,0.0008,0.00084,0.00088,0.00092,0.00096,0.00101,0.00105,0.0011,0.00114,0.00119,0.00124,0.0013,0.00135,0.00141,0.00146,0.00152,0.00158,0.00164,0.0017,0.00177,0.00183,0.0019,0.00197,0.00204,0.00211,0.00218,0.00225,0.00232,0.00239,0.00247,0.00254,0.00262,0.00269,0.00277,0.00284,0.00292,0.003,0.00307,0.00315,0.00323,0.00331,0.00338,0.00346,0.00353,0.00361,0.00368,0.00376,0.00384,0.00391,0.00398,0.00406,0.00413,0.00421,0.00428,0.00435
,F,Biofuels/Capita,Toe,NoBioF,0.0001,0.0001,0.0001,0.0001,0.00011,0.00011,0.00012,0.00013,0.00013,0.00014,0.00015,0.00016,0.00017,0.00018,0.00019,0.0002,0.00022,0.00023,0.00024,0.00026,0.00027,0.00029,0.0003,0.00032,0.00034,0.00036,0.00038,0.0004,0.00042,0.00045,0.00047,0.0005,0.00052,0.00055,0.00058,0.00061,0.00064,0.00067,0.0007,0.00074,0.00077,0.00081,0.00084,0.00088,0.00092,0.00096,0.001,0.00105,0.00109,0.00114,0.00119,0.00124,0.00129,0.00134,0.00139,0.00144,0.0015,0.00156,0.00161,0.00167,0.00173,0.00179,0.00185,0.00192,0.00198,0.00204,0.00211,0.00217,0.00224,0.0023,0.00237,0.00244,0.0025,0.00257,0.00264,0.00271,0.00277,0.00284,0.00291,0.00298,0.00304,0.00311,0.00318,0.00324,0.00331,0.00337,0.00344,0.0035,0.00357,0.00363,0.00369,0.00376,0.00382,0.00388,0.00394,0.004
,N,Converted Land,GHa,Baseline,0.00714,0.00706,0.00698,0.00691,0.00684,0.00677,0.0067,0.00663,0.00657,0.00651,0.00645,0.00639,0.00634,0.00628,0.00623,0.00618,0.00613,0.00608,0.00603,0.00598,0.00594,0.00589,0.00585,0.00581,0.00577,0.00573,0.00569,0.00566,0.00562,0.00559,0.00555,0.00537,0.00499,0.00462,0.00425,0.0039,0.00355,0.00322,0.00289,0.00256,0.00225,0.00194,0.00164,0.00134,0.00105,0.00077,0.00049,0.00021,0,0,0,0,0,0,0,0,0,0,0,0,0,0,0,0,0,0,0,0,0,0,0,0,0,0,0,0,0,0,0,0,0,0,0,0,0,0,0,0,0,0,0,0,0,0,0,0
,N,Converted Land,GHa,NoBioF,0.00749,0.00742,0.00735,0.00728,0.00722,0.00715,0.0071,0.00704,0.00698,0.00693,0.00688,0.00683,0.00678,0.00673,0.00669,0.00665,0.00661,0.00657,0.00653,0.00649,0.00646,0.00642,0.00639,0.00636,0.00633,0.0063,0.00627,0.00625,0.00622,0.0062,0.00618,0.00616,0.00614,0.00592,0.00558,0.00526,0.00494,0.00463,0.00434,0.00405,0.00376,0.00349,0.00322,0.00297,0.00271,0.00247,0.00223,0.002,0.00178,0.00156,0.00134,0.00113,0.00093,0.00073,0.00053,0.00034,0.00015,0,0,0,0,0,0,0,0,0,0,0,0,0,0,0,0,0,0,0,0,0,0,0,0,0,0,0,0,0,0,0,0,0,0,0,0,0,0,0
,B,Cropland,GHa,Baseline,1.533,1.545,1.556,1.567,1.578,1.589,1.599,1.609,1.619,1.629,1.638,1.647,1.656,1.665,1.673,1.681,1.689,1.697,1.705,1.712,1.719,1.726,1.733,1.74,1.746,1.752,1.758,1.764,1.77,1.775,1.781,1.786,1.791,1.795,1.799,1.802,1.805,1.807,1.809,1.81,1.811,1.812,1.812,1.811,1.81,1.809,1.807,1.805,1.803,1.8,1.797,1.794,1.79,1.787,1.783,1.779,1.776,1.771,1.767,1.763,1.758,1.754,1.749,1.744,1.739,1.733,1.728,1.722,1.716,1.711,1.705,1.699,1.693,1.688,1.682,1.677,1.671,1.666,1.66,1.655,1.649,1.644,1.639,1.634,1.629,1.623,1.618,1.613,1.608,1.603,1.598,1.593,1.589,1.584,1.579,1.574
,B,Cropland,GHa,NoBioF,1.533,1.545,1.557,1.569,1.58,1.591,1.602,1.613,1.623,1.633,1.643,1.653,1.662,1.672,1.681,1.689,1.698,1.707,1.715,1.723,1.731,1.739,1.746,1.753,1.761,1.768,1.774,1.781,1.788,1.794,1.8,1.806,1.812,1.818,1.823,1.828,1.832,1.828,1.826,1.824,1.822,1.82,1.818,1.816,1.813,1.81,1.807,1.803,1.799,1.795,1.79,1.786,1.78,1.775,1.769,1.763,1.757,1.75,1.743,1.736,1.728,1.721,1.714,1.706,1.698,1.69,1.682,1.674,1.666,1.657,1.649,1.64,1.631,1.623,1.614,1.606,1.598,1.59,1.582,1.574,1.566,1.559,1.551,1.544,1.536,1.529,1.522,1.515,1.508,1.501,1.494,1.487,1.481,1.474,1.468,1.461
,G,Cumulative GHG Accumulation,GtCO2-eq,Baseline,18.2371,36.41322,54.50835,72.4665,90.28273,107.95205,125.47647,142.854,160.08265,177.16242,194.09132,210.86936,227.49655,243.97189,260.2954,276.46809,292.48897,308.35904,324.07532,339.63883,355.04757,370.30256,385.40281,400.34534,415.13116,429.75829,444.22475,458.52955,472.67271,486.65124,500.46317,514.03052,527.24931,540.12355,552.65627,564.85148,576.71121,588.23948,599.43831,610.31172,620.86074,631.08739,640.99669,650.58867,659.86535,668.83075,677.4869,685.83383,693.90356,701.80711,709.54351,717.11078,724.51096,731.74407,738.80814,745.7042,752.43328,758.9934,765.38659,771.61287,777.67327,783.56781,789.29651,794.8604,800.25949,805.49481,810.56637,815.47618,820.22325,824.80961,829.23626,833.50222,837.6125,841.56612,845.36508,849.01038,852.50603,855.85404,859.05741,862.11914,865.04322,867.83166,870.48945,873.02059,875.42907,877.71989,879.90204,881.97851,883.95232,885.82946,887.61692,889.31869,890.94176,892.49012,893.96877,895.38269
,G,Cumulative GHG Accumulation,GtCO2-eq,NoBioF,18.42449,36.79,55.07753,73.22808,91.23872,109.11046,126.83731,144.42327,161.86535,179.16057,196.31192,213.31742,230.17607,246.88789,263.45388,279.87405,296.14741,312.27399,328.25478,344.0878,359.77506,375.31258,390.70137,405.94145,421.03082,435.96952,450.75455,465.38494,479.85758,494.17461,508.33205,522.33093,536.16827,549.74209,562.9914,575.9165,588.52172,600.6824,612.43963,623.82255,634.84645,645.52292,655.86222,665.87207,675.55846,684.92859,693.9878,702.73955,711.18938,719.34092,727.19781,734.76379,742.0446,749.04102,755.75585,762.19292,768.35508,774.26118,779.99009,785.54371,790.92195,796.1247,801.15589,806.01444,810.70028,815.21535,819.56157,823.73789,827.74625,831.58659,835.26087,838.76903,842.11303,845.29285,848.31144,851.16976,853.86878,856.41148,858.80081,861.03775,863.12627,865.06734,866.86494,868.52503,870.0516,871.44561,872.71605,873.86588,874.9001,875.82272,876.64172,877.35908,877.98379,878.51782,878.96816,879.3398
Consumption of Goods & Services,V,Energy Services,USD/cap,Baseline,174.12,175.47,176.66,177.26,177.8,178.33,178.85,179.36,179.86,180.35,180.82,181.29,181.74,182.18,182.61,183.03,183.43,183.82,184.2,184.57,184.93,185.27,185.61,185.93,186.24,186.54,186.83,187.11,187.37,187.63,187.88,188.12,188.36,188.59,188.81,189.04,189.26,189.47,189.69,189.9,190.11,190.32,190.53,190.75,190.96,191.17,191.39,191.61,191.84,192.06,192.29,192.53,192.77,193.01,193.26,193.52,193.78,194.05,194.33,194.62,194.91,195.22,195.54,195.87,196.21,196.57,196.93,197.32,197.71,198.12,198.55,198.99,199.44,199.91,200.4,200.91,201.43,201.97,202.52,203.1,203.69,204.29,204.92,205.56,206.21,206.89,207.58,208.26,208.88,209.52,210.18,210.86,211.55,212.26,212.99,213.73
Consumption of Goods & Services,V,Energy Services,USD/cap,NoBioF,174.17,175.52,176.71,177.28,177.83,178.36,178.88,179.39,179.89,180.38,180.85,181.32,181.77,182.21,182.64,183.06,183.47,183.86,184.24,184.61,184.96,185.31,185.64,185.96,186.27,186.57,186.86,187.14,187.45,187.71,187.96,188.2,188.43,188.66,188.88,189.11,189.35,191.68,193.43,194.8,195.97,197.03,197.99,198.9,199.76,200.58,201.38,202.16,202.93,203.68,204.44,205.18,205.93,206.68,207.43,208.19,208.96,209.73,210.52,211.32,212.12,212.95,213.78,214.64,215.51,216.39,217.3,218.23,219.17,220.14,221.13,222.15,223.18,224.24,225.33,226.45,227.59,228.75,229.95,231.17,232.42,233.7,235.01,236.35,237.72,239.11,240.54,242,243.47,244.88,246.33,247.81,249.33,250.88,252.47,254.09
,T,Fertilizer Intensity,tons/Ha,Baseline,0.636,0.614,0.593,0.571,0.55,0.53,0.511,0.493,0.476,0.459,0.443,0.428,0.413,0.399,0.386,0.373,0.361,0.349,0.338,0.327,0.317,0.307,0.297,0.288,0.279,0.27,0.262,0.254,0.246,0.238,0.231,0.224,0.218,0.211,0.205,0.199,0.193,0.188,0.183,0.178,0.173,0.169,0.164,0.16,0.156,0.152,0.148,0.145,0.141,0.138,0.135,0.131,0.128,0.125,0.122,0.12,0.117,0.114,0.112,0.11,0.107,0.105,0.103,0.101,0.099,0.097,0.095,0.094,0.092,0.091,0.089,0.088,0.086,0.085,0.084,0.083,0.082,0.08,0.079,0.079,0.078,0.077,0.076,0.075,0.074,0.074,0.073,0.072,0.072,0.071,0.07,0.07,0.069,0.069,0.068,0.068
,T,Fertilizer Intensity,tons/Ha,NoBioF,0.637,0.614,0.593,0.57,0.549,0.529,0.509,0.491,0.473,0.457,0.44,0.425,0.41,0.396,0.383,0.37,0.357,0.346,0.334,0.323,0.313,0.303,0.293,0.283,0.274,0.266,0.257,0.249,0.242,0.234,0.227,0.22,0.213,0.206,0.2,0.194,0.188,0.184,0.18,0.176,0.171,0.167,0.163,0.159,0.155,0.152,0.148,0.145,0.141,0.138,0.135,0.132,0.129,0.127,0.124,0.121,0.119,0.117,0.114,0.112,0.11,0.108,0.106,0.104,0.103,0.101,0.099,0.098,0.096,0.095,0.094,0.092,0.091,0.09,0.089,0.088,0.087,0.086,0.085,0.084,0.084,0.083,0.082,0.081,0.081,0.08,0.08,0.079,0.078,0.078,0.077,0.077,0.076,0.076,0.075,0.075
Consumption of Goods & Services,U,Food Production,USD/Cap,Baseline,169.89,171.63,173.38,174.98,176.63,178.34,180.12,181.96,183.88,185.86,187.91,190.03,192.23,194.49,196.84,199.25,201.74,204.31,206.95,209.67,212.47,215.34,218.29,221.33,224.44,227.62,230.89,234.24,237.67,241.18,244.77,248.44,252.18,255.99,259.87,263.82,267.83,271.91,276.06,280.27,284.55,288.89,293.3,297.77,302.32,306.92,311.6,316.34,321.15,326.02,330.98,336.03,341.17,346.41,351.75,357.19,362.75,368.41,374.2,380.11,386.14,392.31,398.62,405.07,411.68,418.44,425.36,432.45,439.72,447.19,454.88,462.79,470.93,479.31,487.94,496.83,505.98,515.41,525.11,535.11,545.4,556,566.91,578.13,589.68,601.57,613.78,626.3,638.94,651.93,665.27,678.98,693.05,707.49,722.3,737.5
Consumption of Goods & Services,U,Food Production,USD/Cap,NoBioF,169.9,171.64,173.39,174.99,176.65,178.38,180.17,182.02,183.95,185.94,188.01,190.15,192.36,194.65,197.01,199.45,201.96,204.55,207.22,209.96,212.79,215.7,218.68,221.75,224.89,228.12,231.43,234.82,238.3,241.85,245.49,249.21,253.02,256.91,260.88,264.92,269.02,272.84,276.78,280.83,284.97,289.19,293.48,297.84,302.27,306.76,311.33,315.97,320.67,325.45,330.3,335.22,340.22,345.29,350.45,355.69,361.02,366.43,371.93,377.54,383.26,389.11,395.08,401.18,407.41,413.79,420.32,427,433.84,440.85,448.03,455.39,462.96,470.75,478.77,487.03,495.53,504.29,513.3,522.58,532.13,541.97,552.09,562.51,573.23,584.26,595.6,607.25,619.16,631.16,643.49,656.14,669.13,682.46,696.14,710.16
,S,Food Production/Cap,Tons,Baseline,1.44,1.454,1.469,1.483,1.497,1.511,1.526,1.542,1.558,1.575,1.592,1.61,1.629,1.648,1.668,1.689,1.71,1.731,1.754,1.777,1.801,1.825,1.85,1.876,1.902,1.929,1.957,1.985,2.014,2.044,2.074,2.105,2.137,2.169,2.202,2.236,2.27,2.304,2.339,2.375,2.411,2.448,2.486,2.524,2.562,2.601,2.641,2.681,2.722,2.763,2.805,2.848,2.891,2.936,2.981,3.027,3.074,3.122,3.171,3.221,3.272,3.325,3.378,3.433,3.489,3.546,3.605,3.665,3.726,3.79,3.855,3.922,3.991,4.062,4.135,4.21,4.288,4.368,4.45,4.535,4.622,4.712,4.804,4.899,4.997,5.098,5.202,5.308,5.415,5.525,5.638,5.754,5.873,5.996,6.121,6.25
,S,Food Production/Cap,Tons,NoBioF,1.44,1.455,1.469,1.483,1.497,1.512,1.527,1.543,1.559,1.576,1.593,1.611,1.63,1.65,1.67,1.69,1.712,1.733,1.756,1.779,1.803,1.828,1.853,1.879,1.906,1.933,1.961,1.99,2.019,2.05,2.08,2.112,2.144,2.177,2.211,2.245,2.28,2.312,2.346,2.38,2.415,2.451,2.487,2.524,2.562,2.6,2.638,2.678,2.718,2.758,2.799,2.841,2.883,2.926,2.97,3.014,3.059,3.105,3.152,3.199,3.248,3.298,3.348,3.4,3.453,3.507,3.562,3.619,3.677,3.736,3.797,3.859,3.923,3.989,4.057,4.127,4.199,4.274,4.35,4.429,4.51,4.593,4.679,4.767,4.858,4.951,5.047,5.146,5.247,5.349,5.453,5.561,5.671,5.784,5.899,6.018
Allocation of Land,AO,Food-Allocated Land,GHa,Baseline,1.5324,1.5444,1.5554,1.5664,1.5774,1.5883,1.5982,1.6082,1.6181,1.628,1.637,1.6459,1.6548,1.6637,1.6716,1.6795,1.6874,1.6953,1.7032,1.71,1.7169,1.7237,1.7306,1.7374,1.7432,1.749,1.7548,1.7606,1.7664,1.7711,1.7769,1.7816,1.7864,1.7901,1.7938,1.7964,1.7991,1.8007,1.8024,1.803,1.8036,1.8042,1.8038,1.8023,1.8009,1.7994,1.7969,1.7944,1.7919,1.7883,1.7848,1.7812,1.7766,1.7729,1.7683,1.7636,1.76,1.7543,1.7496,1.7448,1.7391,1.7343,1.7285,1.7227,1.7169,1.7101,1.7043,1.6975,1.6907,1.6848,1.678,1.6711,1.6643,1.6584,1.6516,1.6457,1.6389,1.6331,1.6262,1.6204,1.6136,1.6078,1.6019,1.5962,1.5904,1.5836,1.5778,1.5721,1.5663,1.5606,1.5548,1.5491,1.5444,1.5387,1.533,1.5273
Allocation of Land,AO,Food-Allocated Land,GHa,NoBioF,1.5324,1.5444,1.5564,1.5684,1.5794,1.5903,1.6012,1.6122,1.6221,1.632,1.642,1.6519,1.6608,1.6707,1.6796,1.6875,1.6964,1.7053,1.7131,1.721,1.7288,1.7367,1.7435,1.7504,1.7582,1.765,1.7708,1.7775,1.7843,1.7901,1.7958,1.8015,1.8072,1.8129,1.8176,1.8223,1.8259,1.8216,1.8193,1.8169,1.8145,1.8121,1.8097,1.8073,1.8039,1.8004,1.7969,1.7924,1.7879,1.7834,1.7778,1.7733,1.7667,1.7611,1.7545,1.7479,1.7413,1.7336,1.726,1.7183,1.7096,1.702,1.6943,1.6856,1.6768,1.6681,1.6594,1.6507,1.6419,1.6322,1.6235,1.6138,1.6041,1.5953,1.5856,1.5769,1.5682,1.5595,1.5508,1.5421,1.5335,1.5258,1.5172,1.5095,1.5009,1.4933,1.4857,1.4781,1.4705,1.4629,1.4553,1.4477,1.4412,1.4336,1.4271,1.4196
,AF,Forest Area Gains/Losses,GHa,Baseline,-0.012,-0.011,-0.011,-0.011,-0.011,-0.01,-0.01,-0.01,-0.01,-0.009,-0.01,-0.008,-0.008,-0.01,-0.008,-0.007,-0.008,-0.008,-0.007,-0.007,-0.007,-0.007,-0.007,-0.006,-0.006,-0.006,-0.006,-0.006,-0.005,-0.006,-0.004,-0.00585,-0.00349,-0.00416,-0.00283,-0.0035,-0.00218,-0.00187,-0.00158,-0.00127,0.00001,0.00029,-0.00042,0.00084,0.00211,0.00136,0.00263,0.00287,0.00309,0.00214,0.00321,0.00326,0.00432,0.00237,0.00442,0.00347,0.00452,0.00357,0.00461,0.00465,0.0047,0.00473,0.00477,0.00581,0.00484,0.00488,0.0059,0.00694,0.00597,0.00599,0.00502,0.00504,0.00606,0.00509,0.00611,0.00512,0.00614,0.00515,0.00617,0.00418,0.00519,0.0052,0.00621,0.00521,0.00422,0.00522,0.00522,0.00522,0.00521,0.00421,0.00521,0.0052,0.00519,0.00418,0.00417,0.00515
,AF,Forest Area Gains/Losses,GHa,NoBioF,-0.012,-0.012,-0.012,-0.012,-0.011,-0.01,-0.011,-0.01,-0.01,-0.01,-0.01,-0.01,-0.008,-0.01,-0.009,-0.009,-0.008,-0.008,-0.008,-0.008,-0.008,-0.008,-0.007,-0.006,-0.008,-0.007,-0.006,-0.006,-0.007,-0.006,-0.006,-0.006,-0.005,-0.0058,-0.00548,-0.00418,-0.00388,-0.00359,-0.0033,-0.00303,-0.00176,-0.00251,-0.00125,-0.001,-0.00077,-0.00053,-0.00031,0.00092,0.00112,0.00134,0.00054,0.00173,0.00193,0.00312,0.00231,0.00348,0.00367,0.00381,0.00386,0.00389,0.00393,0.00396,0.00499,0.00403,0.00506,0.00509,0.00611,0.00514,0.00517,0.00619,0.00521,0.00624,0.00525,0.00627,0.00529,0.0053,0.00632,0.00432,0.00534,0.00635,0.00436,0.00537,0.00537,0.00438,0.00537,0.00438,0.00538,0.00438,0.00437,0.00536,0.00437,0.00435,0.00434,0.00533,0.00332,0.00431
,K,Forest Area Replanted,GHa,Baseline,0.012,0.012,0.012,0.013,0.013,0.013,0.013,0.013,0.013,0.013,0.014,0.014,0.014,0.014,0.014,0.014,0.014,0.015,0.015,0.015,0.015,0.015,0.015,0.015,0.015,0.015,0.016,0.016,0.016,0.016,0.016,0.016,0.016,0.016,0.016,0.016,0.017,0.017,0.017,0.017,0.017,0.017,0.017,0.017,0.017,0.017,0.017,0.017,0.018,0.018,0.018,0.018,0.018,0.018,0.018,0.018,0.018,0.018,0.018,0.019,0.019,0.019,0.019,0.019,0.019,0.019,0.019,0.019,0.019,0.019,0.019,0.019,0.019,0.019,0.019,0.018,0.018,0.018,0.018,0.018,0.018,0.018,0.018,0.018,0.018,0.018,0.018,0.018,0.018,0.018,0.018,0.018,0.018,0.018,0.018,0.018
,K,Forest Area Replanted,GHa,NoBioF,0.012,0.012,0.012,0.012,0.013,0.013,0.013,0.013,0.013,0.013,0.013,0.014,0.014,0.014,0.014,0.014,0.014,0.014,0.015,0.015,0.015,0.015,0.015,0.015,0.015,0.015,0.015,0.015,0.016,0.016,0.016,0.016,0.016,0.016,0.016,0.016,0.016,0.016,0.016,0.017,0.017,0.017,0.017,0.017,0.017,0.017,0.017,0.017,0.017,0.017,0.017,0.018,0.018,0.018,0.018,0.018,0.018,0.018,0.018,0.018,0.018,0.018,0.019,0.019,0.019,0.019,0.019,0.019,0.019,0.019,0.019,0.019,0.019,0.019,0.019,0.019,0.019,0.018,0.018,0.018,0.018,0.018,0.018,0.018,0.018,0.018,0.018,0.017,0.017,0.017,0.017,0.017,0.017,0.017,0.017,0.017
GHG Emissions,P,Forest Sequestration,GtCO2-eq/yr,Baseline,-2.745,-2.753,-2.765,-2.778,-2.791,-2.805,-2.818,-2.831,-2.844,-2.856,-2.868,-2.878,-2.886,-2.893,-2.898,-2.901,-2.903,-2.902,-2.901,-2.898,-2.895,-2.89,-2.885,-2.88,-2.874,-2.869,-2.864,-2.859,-2.854,-2.851,-2.848,-2.846,-2.845,-2.845,-2.847,-2.849,-2.853,-2.858,-2.865,-2.872,-2.882,-2.893,-2.905,-2.918,-2.934,-2.95,-2.968,-2.988,-3.009,-3.031,-3.055,-3.081,-3.107,-3.135,-3.165,-3.196,-3.228,-3.262,-3.297,-3.334,-3.371,-3.41,-3.451,-3.492,-3.535,-3.58,-3.625,-3.672,-3.72,-3.769,-3.819,-3.87,-3.921,-3.973,-4.024,-4.076,-4.127,-4.177,-4.226,-4.274,-4.32,-4.364,-4.406,-4.445,-4.481,-4.514,-4.54,-4.563,-4.582,-4.596,-4.605,-4.611,-4.612,-4.609,-4.604,-4.594
GHG Emissions,P,Forest Sequestration,GtCO2-eq/yr,NoBioF,-2.741,-2.749,-2.761,-2.773,-2.786,-2.798,-2.813,-2.823,-2.835,-2.849,-2.857,-2.866,-2.873,-2.879,-2.883,-2.885,-2.885,-2.884,-2.881,-2.877,-2.872,-2.866,-2.859,-2.851,-2.844,-2.836,-2.83,-2.823,-2.816,-2.81,-2.805,-2.801,-2.798,-2.795,-2.794,-2.794,-2.796,-2.798,-2.802,-2.807,-2.814,-2.822,-2.831,-2.842,-2.855,-2.868,-2.883,-2.9,-2.918,-2.937,-2.958,-2.981,-3.003,-3.028,-3.055,-3.082,-3.111,-3.141,-3.173,-3.206,-3.24,-3.276,-3.312,-3.35,-3.389,-3.43,-3.471,-3.514,-3.558,-3.604,-3.65,-3.698,-3.747,-3.796,-3.846,-3.896,-3.947,-3.997,-4.046,-4.095,-4.143,-4.19,-4.235,-4.277,-4.317,-4.355,-4.388,-4.418,-4.443,-4.463,-4.479,-4.491,-4.498,-4.502,-4.502,-4.498
,I,Fossil Fuels/Cap,Toe,Baseline,0.719,0.714,0.707,0.698,0.689,0.681,0.672,0.663,0.654,0.646,0.637,0.629,0.621,0.612,0.604,0.596,0.588,0.58,0.572,0.564,0.556,0.548,0.54,0.533,0.525,0.518,0.51,0.503,0.496,0.489,0.482,0.475,0.468,0.461,0.454,0.447,0.441,0.434,0.428,0.422,0.415,0.409,0.403,0.397,0.391,0.385,0.38,0.374,0.369,0.363,0.358,0.352,0.347,0.342,0.337,0.332,0.327,0.322,0.318,0.313,0.308,0.304,0.299,0.295,0.291,0.287,0.283,0.278,0.275,0.271,0.267,0.263,0.259,0.256,0.252,0.249,0.245,0.242,0.239,0.235,0.232,0.229,0.226,0.223,0.22,0.217,0.214,0.211,0.208,0.206,0.203,0.2,0.197,0.195,0.192,0.19
,I,Fossil Fuels/Cap,Toe,NoBioF,0.719,0.714,0.707,0.698,0.689,0.68,0.672,0.663,0.654,0.646,0.637,0.629,0.62,0.612,0.604,0.596,0.588,0.58,0.572,0.564,0.556,0.548,0.54,0.533,0.525,0.518,0.51,0.503,0.496,0.488,0.481,0.474,0.467,0.461,0.454,0.447,0.44,0.427,0.416,0.406,0.397,0.389,0.381,0.373,0.366,0.358,0.351,0.345,0.338,0.332,0.325,0.319,0.313,0.307,0.302,0.296,0.291,0.285,0.28,0.275,0.27,0.265,0.26,0.255,0.25,0.245,0.241,0.236,0.232,0.228,0.223,0.219,0.215,0.211,0.207,0.203,0.2,0.196,0.192,0.188,0.185,0.181,0.178,0.175,0.171,0.168,0.165,0.162,0.159,0.155,0.152,0.149,0.146,0.143,0.14,0.137
,R,GHG Emissions Displaced by Biofuels,GtCO2-eq,Baseline,-0.00075,-0.00076,-0.00078,-0.00079,-0.00084,-0.0009,-0.00097,-0.00105,-0.00113,-0.00121,-0.0013,-0.00139,-0.0015,-0.0016,-0.00172,-0.00184,-0.00197,-0.0021,-0.00225,-0.0024,-0.00256,-0.00273,-0.00291,-0.0031,-0.0033,-0.00351,-0.00373,-0.00396,-0.00421,-0.00447,-0.00474,-0.00502,-0.00532,-0.00564,-0.00596,-0.0063,-0.00665,-0.00702,-0.00741,-0.0078,-0.00822,-0.00865,-0.0091,-0.00956,-0.01004,-0.01053,-0.01105,-0.01157,-0.01212,-0.01268,-0.01326,-0.01386,-0.01448,-0.01512,-0.01578,-0.01645,-0.01715,-0.01786,-0.01859,-0.01934,-0.0201,-0.02088,-0.02168,-0.02249,-0.02331,-0.02415,-0.025,-0.02585,-0.02672,-0.02759,-0.02848,-0.02938,-0.03028,-0.03119,-0.03211,-0.03303,-0.03395,-0.03488,-0.03581,-0.03674,-0.03767,-0.03859,-0.03952,-0.04044,-0.04136,-0.04227,-0.04318,-0.04409,-0.045,-0.04591,-0.04681,-0.04771,-0.0486,-0.04948,-0.05036,-0.05123
,R,GHG Emissions Displaced by Biofuels,GtCO2-eq,NoBioF,-0.00222,-0.00225,-0.00229,-0.00232,-0.0024,-0.00248,-0.00257,-0.00267,-0.00277,-0.00287,-0.00298,-0.0031,-0.00322,-0.00335,-0.00348,-0.00362,-0.00377,-0.00392,-0.00409,-0.00426,-0.00444,-0.00462,-0.00482,-0.00503,-0.00525,-0.00547,-0.00571,-0.00597,-0.00959,-0.00989,-0.0102,-0.01052,-0.01086,-0.01121,-0.01158,-0.01299,-0.01555,-0.15601,-0.25503,-0.32794,-0.38672,-0.43625,-0.47916,-0.51711,-0.55116,-0.58209,-0.61046,-0.63671,-0.66115,-0.68405,-0.70561,-0.72602,-0.7454,-0.76387,-0.78154,-0.79848,-0.81477,-0.83047,-0.84561,-0.86028,-0.87452,-0.88836,-0.90182,-0.91495,-0.92775,-0.94026,-0.95249,-0.96446,-0.97619,-0.98769,-0.99897,-1.01005,-1.02096,-1.03172,-1.04232,-1.05278,-1.06311,-1.07332,-1.08341,-1.09339,-1.10327,-1.11306,-1.12276,-1.13238,-1.14193,-1.15141,-1.16082,-1.17018,-1.17951,-1.18886,-1.19817,-1.20745,-1.21669,-1.2259,-1.23509,-1.24427
,O,GHG Emissions from Fertilizer Use,GtCO2-eq,Baseline,2.773,2.698,2.624,2.545,2.469,2.395,2.324,2.255,2.189,2.125,2.063,2.004,1.946,1.89,1.836,1.784,1.734,1.685,1.638,1.592,1.547,1.504,1.463,1.422,1.383,1.345,1.308,1.272,1.237,1.203,1.17,1.138,1.107,1.077,1.048,1.02,0.993,0.966,0.941,0.916,0.892,0.868,0.846,0.824,0.802,0.782,0.762,0.742,0.723,0.705,0.687,0.67,0.653,0.637,0.621,0.606,0.591,0.576,0.562,0.549,0.536,0.524,0.512,0.5,0.489,0.479,0.468,0.459,0.449,0.44,0.432,0.423,0.416,0.408,0.401,0.394,0.387,0.381,0.375,0.369,0.364,0.359,0.354,0.349,0.344,0.34,0.336,0.332,0.328,0.324,0.32,0.316,0.313,0.309,0.306,0.303
,O,GHG Emissions from Fertilizer Use,GtCO2-eq,NoBioF,2.774,2.698,2.623,2.543,2.466,2.392,2.32,2.251,2.184,2.12,2.058,1.998,1.94,1.883,1.829,1.777,1.726,1.677,1.629,1.583,1.539,1.496,1.454,1.413,1.374,1.336,1.299,1.263,1.228,1.194,1.161,1.129,1.097,1.067,1.038,1.009,0.982,0.962,0.941,0.92,0.899,0.878,0.858,0.838,0.818,0.799,0.781,0.763,0.745,0.728,0.711,0.695,0.68,0.664,0.65,0.635,0.622,0.608,0.595,0.583,0.571,0.559,0.548,0.537,0.526,0.516,0.507,0.497,0.489,0.48,0.472,0.464,0.457,0.45,0.443,0.436,0.43,0.424,0.419,0.413,0.408,0.403,0.398,0.394,0.39,0.385,0.382,0.378,0.374,0.37,0.367,0.363,0.36,0.356,0.353,0.35
,L,GHG Emissions from Land Use,GtCO2-eq,Baseline,18.238,18.177,18.095,17.958,17.815,17.671,17.525,17.378,17.229,17.08,16.929,16.778,16.627,16.476,16.324,16.172,16.021,15.869,15.716,15.563,15.41,15.255,15.1,14.943,14.786,14.627,14.467,14.306,14.143,13.978,13.813,13.567,13.219,12.875,12.533,12.195,11.86,11.528,11.199,10.872,10.549,10.227,9.909,9.592,9.278,8.966,8.656,8.348,8.07,7.903,7.736,7.568,7.4,7.232,7.064,6.896,6.728,6.561,6.393,6.227,6.06,5.894,5.729,5.564,5.399,5.235,5.072,4.909,4.747,4.586,4.426,4.267,4.109,3.953,3.799,3.646,3.496,3.349,3.204,3.062,2.923,2.788,2.657,2.531,2.409,2.292,2.182,2.076,1.974,1.878,1.787,1.702,1.623,1.549,1.479,1.414
,L,GHG Emissions from Land Use,GtCO2-eq,NoBioF,18.424,18.366,18.287,18.151,18.012,17.871,17.727,17.586,17.442,17.294,17.151,17.005,16.859,16.712,16.566,16.42,16.274,16.127,15.981,15.834,15.686,15.538,15.39,15.241,15.09,14.938,14.785,14.631,14.472,14.316,14.158,13.999,13.838,13.574,13.248,12.926,12.606,12.161,11.758,11.382,11.024,10.677,10.34,10.01,9.687,9.37,9.059,8.752,8.45,8.152,7.858,7.566,7.28,6.996,6.715,6.437,6.162,5.906,5.729,5.553,5.378,5.204,5.031,4.858,4.686,4.515,4.345,4.176,4.008,3.841,3.674,3.509,3.344,3.181,3.018,2.858,2.699,2.543,2.388,2.236,2.087,1.941,1.799,1.66,1.525,1.395,1.27,1.15,1.035,0.923,0.818,0.718,0.623,0.534,0.45,0.371
GHG Emissions,Q,GHG From Natural Land Conversion,GtCO2-eq/yr,Baseline,3.675,3.634,3.595,3.557,3.521,3.485,3.45,3.417,3.384,3.353,3.322,3.292,3.263,3.235,3.207,3.181,3.155,3.13,3.105,3.081,3.058,3.036,3.014,2.992,2.972,2.952,2.932,2.913,2.895,2.877,2.86,2.764,2.568,2.377,2.19,2.008,1.83,1.657,1.487,1.321,1.159,1,0.845,0.692,0.543,0.396,0.252,0.111,0,0,0,0,0,0,0,0,0,0,0,0,0,0,0,0,0,0,0,0,0,0,0,0,0,0,0,0,0,0,0,0,0,0,0,0,0,0,0,0,0,0,0,0,0,0,0,0
GHG Emissions,Q,GHG From Natural Land Conversion,GtCO2-eq/yr,NoBioF,3.856,3.819,3.783,3.749,3.716,3.685,3.654,3.625,3.596,3.569,3.542,3.517,3.492,3.468,3.446,3.424,3.402,3.382,3.363,3.344,3.326,3.308,3.291,3.275,3.26,3.245,3.231,3.218,3.205,3.193,3.181,3.17,3.16,3.047,2.875,2.707,2.545,2.387,2.233,2.084,1.938,1.797,1.66,1.527,1.398,1.272,1.149,1.03,0.914,0.801,0.691,0.583,0.478,0.375,0.274,0.176,0.078,0,0,0,0,0,0,0,0,0,0,0,0,0,0,0,0,0,0,0,0,0,0,0,0,0,0,0,0,0,0,0,0,0,0,0,0,0,0,0
,AL,Global Fossil Fuels,Toe,Baseline,4.59441,4.7016042285,4.7231197336,4.7288452242,4.7319468932,4.739385284,4.7373372718,4.7326806412,4.7254295279,4.7229130909,4.7106152623,4.7032643829,4.6935734718,4.6739325071,4.6595684141,4.6429558011,4.6241298262,4.6031278962,4.579989456,4.5547557799,4.5274697664,4.4981757385,4.4669192478,4.442080997,4.4071005818,4.3787514134,4.3402328584,4.3085541598,4.2753065812,4.2405347368,4.2042832792,4.1665967829,4.1275196363,4.0870959417,4.0453694231,4.0023833421,3.9671762861,3.9218392722,3.8844434562,3.8460298107,3.7974839601,3.7571070118,3.7158198897,3.6736565742,3.6306502617,3.5868333429,3.5515836584,3.5062681701,3.4696360523,3.4229375258,3.3850312719,3.3370587697,3.2979804228,3.2583638999,3.2182315323,3.1776049254,3.1365049665,3.0949518343,3.0625958133,3.0202125249,2.9774317643,2.9439550762,2.900447601,2.8663088509,2.8318685434,2.7971399415,2.7621358036,2.7170946753,2.6913495116,2.6555904723,2.6196021539,2.5833949937,2.5469790056,2.520208357,2.4834133783,2.4563014684,2.4191612289,2.3917388169,2.3641762571,2.3265796209,2.2987476704,2.2707943229,2.242725197,2.2145456706,2.1862608897,2.1578757775,2.1293950426,2.1008231877,2.0721645171,2.0533910629,2.0245762851,1.9956862781,1.966724638,1.9476829166,1.9185927111,1.8994375734
,AL,Global Fossil Fuels,Toe,NoBioF,4.59441,4.7016042285,4.7231197336,4.7288452242,4.7319468932,4.7324258342,4.7373372718,4.7326806412,4.7254295279,4.7229130909,4.7106152623,4.7032643829,4.6860153825,4.6739325071,4.6595684141,4.6429558011,4.6241298262,4.6031278962,4.579989456,4.5547557799,4.5274697664,4.4981757385,4.4669192478,4.442080997,4.4071005818,4.3787514134,4.3402328584,4.3085541598,4.2753065812,4.2318628866,4.1955606997,4.1578250002,4.1187001499,4.0870959417,4.0453694231,4.0023833421,3.9581804215,3.8585838001,3.7755338266,3.7002087752,3.6327738124,3.5733853975,3.5129711612,3.451571542,3.3985114982,3.3352891864,3.2805417476,3.2343917612,3.1781490127,3.130620547,3.0730032496,3.0242095101,2.974835367,2.9249056061,2.883993836,2.8330453551,2.7912016674,2.7393207229,2.6966252444,2.6535413558,2.6100862869,2.5662766289,2.5221283487,2.4776568033,2.4328767555,2.3878023891,2.3522075218,2.3065983574,2.2705203152,2.2342237184,2.1879074169,2.151192029,2.1142875915,2.0772029818,2.0399467036,2.0025269,1.974825493,1.9371107773,1.8992545664,1.8612636968,1.8330530992,1.794819967,1.7663941817,1.737872163,1.6993209643,1.6706135051,1.6418232805,1.6129542958,1.5840103761,1.545027256,1.5159388933,1.4867862772,1.4575725743,1.4283008055,1.3989738519,1.3695944608
,AJ,Global Timber Production,Tons,Baseline,2.2365,2.3047079551,2.338178086,2.3034489631,2.3350681331,2.2966184196,2.3263709817,2.2842500833,2.312136772,2.2664134028,2.2924501276,2.2432103575,2.267426798,2.2911433858,2.2372100002,2.2591563462,2.2806082476,2.222199674,2.2419528806,2.2612262737,2.1985914333,2.2162544697,2.2334596239,2.166868779,2.1825640977,2.1978288948,2.2126677317,2.2270856492,2.15489243,2.1679625444,2.1806448543,2.1929456752,2.2048716006,2.2164294695,2.1385212809,2.1489306535,2.1590075026,2.1687590446,2.1781925922,2.1873155322,2.1961353022,2.2046593712,2.2128952197,2.2208503219,2.22853213,2.2359480579,2.2431054685,2.25001166,2.2566738552,2.2630991906,2.2692947074,2.275267343,2.2810239236,2.2865711578,2.2919156313,2.2970638015,2.3020219938,2.3067963982,2.3113930666,2.3158179105,2.4167465619,2.4210156877,2.4251234122,2.4290752974,2.4328767555,2.4365330501,2.5376512683,2.5411676819,2.5445486291,2.5477989771,2.649035886,2.6521545563,2.6551518591,2.7564778905,2.7593481981,2.7621060689,2.8634969648,2.866133293,2.8686657513,2.9701016438,2.9725185393,3.0740010485,3.0763044738,3.1778233838,3.1800158396,3.2815622422,3.283646561,3.3852127195,3.3871919992,3.3890920455,3.3909159455,3.4924509867,3.4941808289,3.4958411323,3.5973613334,3.5989343496
,AJ,Global Timber Production,Tons,NoBioF,2.2365,2.3047079551,2.338178086,2.3034489631,2.3350681331,2.2966184196,2.3263709817,2.2842500833,2.312136772,2.2664134028,2.2924501276,2.2432103575,2.267426798,2.2911433858,2.2372100002,2.2591563462,2.2806082476,2.222199674,2.2419528806,2.2612262737,2.1985914333,2.2162544697,2.2334596239,2.166868779,2.1825640977,2.1978288948,2.2126677317,2.2270856492,2.15489243,2.1679625444,2.1806448543,2.1929456752,2.2048716006,2.2164294695,2.1385212809,2.1489306535,2.1590075026,2.1687590446,2.1781925922,2.1873155322,2.1961353022,2.2046593712,2.2128952197,2.2208503219,2.22853213,2.2359480579,2.2431054685,2.25001166,2.2566738552,2.2630991906,2.2692947074,2.275267343,2.2810239236,2.2865711578,2.2919156313,2.2970638015,2.3020219938,2.3067963982,2.3113930666,2.3158179105,2.4167465619,2.4210156877,2.4251234122,2.4290752974,2.4328767555,2.4365330501,2.5376512683,2.5411676819,2.5445486291,2.5477989771,2.649035886,2.6521545563,2.6551518591,2.7564778905,2.7593481981,2.7621060689,2.8634969648,2.866133293,2.8686657513,2.9701016438,2.9725185393,3.0740010485,3.0763044738,3.0785164031,3.1800158396,3.1821209622,3.283646561,3.3852127195,3.3871919992,3.3890920455,3.3909159455,3.4924509867,3.4941808289,3.4958411323,3.5973613334,3.5989343496
Allocation of Land,AQ,Land Allocated to Biofuels,GHa,Baseline,0.0006,0.0006,0.0006,0.0006,0.0006,0.0007,0.0008,0.0008,0.0009,0.001,0.001,0.0011,0.0012,0.0013,0.0014,0.0015,0.0016,0.0017,0.0018,0.002,0.0021,0.0023,0.0024,0.0026,0.0028,0.003,0.0032,0.0034,0.0036,0.0039,0.0041,0.0044,0.0046,0.0049,0.0052,0.0056,0.0059,0.0063,0.0066,0.007,0.0074,0.0078,0.0082,0.0087,0.0091,0.0096,0.0101,0.0106,0.0111,0.0117,0.0122,0.0128,0.0134,0.0141,0.0147,0.0154,0.016,0.0167,0.0174,0.0182,0.0189,0.0197,0.0205,0.0213,0.0221,0.0229,0.0237,0.0245,0.0253,0.0262,0.027,0.0279,0.0287,0.0296,0.0304,0.0313,0.0321,0.0329,0.0338,0.0346,0.0354,0.0362,0.0371,0.0378,0.0386,0.0394,0.0402,0.0409,0.0417,0.0424,0.0432,0.0439,0.0446,0.0453,0.046,0.0467
Allocation of Land,AQ,Land Allocated to Biofuels,GHa,NoBioF,0.0008,0.0008,0.0008,0.0008,0.0008,0.0009,0.001,0.001,0.0011,0.0012,0.0012,0.0013,0.0014,0.0015,0.0016,0.0017,0.0018,0.0019,0.0021,0.0022,0.0024,0.0025,0.0027,0.0028,0.003,0.0032,0.0034,0.0037,0.0039,0.0041,0.0044,0.0047,0.005,0.0053,0.0056,0.006,0.0065,0.0145,0.021,0.0264,0.0314,0.0361,0.0405,0.0448,0.049,0.0532,0.0573,0.0614,0.0654,0.0694,0.0734,0.0773,0.0813,0.0853,0.0892,0.0932,0.0971,0.101,0.1049,0.1088,0.1127,0.1165,0.1204,0.1242,0.1281,0.1319,0.1356,0.1394,0.1431,0.1468,0.1503,0.1539,0.1574,0.1609,0.1644,0.1678,0.1711,0.1744,0.1777,0.1809,0.184,0.1872,0.1902,0.1933,0.1962,0.1991,0.202,0.2048,0.2076,0.2105,0.2133,0.2161,0.2188,0.2215,0.2241,0.2267
Allocation of Land,D,Managed Forests,GHa,Baseline,1.62,1.615,1.611,1.607,1.603,1.599,1.596,1.592,1.589,1.586,1.583,1.58,1.578,1.576,1.573,1.571,1.57,1.568,1.566,1.565,1.564,1.563,1.562,1.561,1.561,1.56,1.56,1.56,1.56,1.56,1.56,1.561,1.561,1.562,1.563,1.564,1.565,1.566,1.567,1.569,1.57,1.572,1.574,1.576,1.578,1.581,1.583,1.586,1.589,1.592,1.595,1.598,1.601,1.605,1.608,1.612,1.616,1.62,1.624,1.628,1.633,1.638,1.642,1.647,1.653,1.658,1.663,1.669,1.675,1.681,1.687,1.692,1.698,1.704,1.709,1.715,1.72,1.726,1.731,1.737,1.742,1.747,1.752,1.758,1.763,1.768,1.773,1.778,1.783,1.788,1.793,1.798,1.803,1.808,1.812,1.817
Allocation of Land,D,Managed Forests,GHa,NoBioF,1.62,1.615,1.611,1.606,1.602,1.598,1.595,1.591,1.588,1.585,1.582,1.579,1.576,1.574,1.571,1.569,1.567,1.565,1.564,1.562,1.561,1.559,1.558,1.557,1.557,1.556,1.555,1.555,1.555,1.555,1.555,1.555,1.555,1.556,1.556,1.557,1.558,1.559,1.56,1.561,1.562,1.564,1.565,1.567,1.569,1.571,1.573,1.575,1.577,1.58,1.583,1.585,1.588,1.591,1.595,1.598,1.601,1.605,1.609,1.613,1.617,1.621,1.625,1.63,1.634,1.639,1.644,1.65,1.655,1.66,1.666,1.672,1.678,1.683,1.689,1.695,1.7,1.706,1.711,1.716,1.722,1.727,1.732,1.737,1.742,1.747,1.752,1.757,1.761,1.766,1.771,1.775,1.78,1.784,1.789,1.793
GHG Emissions,Z,Petroleum Combustion,GtCO2-eq/yr,Baseline,13.34,13.435,13.511,13.538,13.554,13.563,13.567,13.565,13.556,13.542,13.522,13.496,13.465,13.428,13.386,13.338,13.286,13.229,13.167,13.1,13.029,12.954,12.875,12.792,12.705,12.615,12.522,12.426,12.327,12.225,12.12,12.014,11.905,11.794,11.682,11.568,11.453,11.337,11.22,11.103,10.984,10.865,10.746,10.626,10.506,10.386,10.266,10.146,10.027,9.908,9.789,9.67,9.552,9.435,9.318,9.202,9.087,8.972,8.859,8.747,8.635,8.525,8.416,8.308,8.201,8.095,7.991,7.888,7.786,7.686,7.586,7.488,7.392,7.297,7.203,7.11,7.019,6.929,6.841,6.754,6.668,6.583,6.5,6.418,6.337,6.257,6.178,6.1,6.021,5.943,5.866,5.791,5.717,5.643,5.571,5.5
GHG Emissions,Z,Petroleum Combustion,GtCO2-eq/yr,NoBioF,13.341,13.435,13.512,13.536,13.552,13.562,13.566,13.563,13.555,13.541,13.521,13.495,13.463,13.427,13.384,13.337,13.284,13.227,13.165,13.098,13.028,12.952,12.873,12.79,12.703,12.613,12.52,12.423,12.32,12.218,12.113,12.006,11.897,11.786,11.674,11.558,11.44,11.146,10.904,10.694,10.502,10.32,10.146,9.979,9.816,9.657,9.502,9.349,9.199,9.051,8.905,8.762,8.62,8.48,8.342,8.205,8.071,7.937,7.806,7.676,7.548,7.421,7.296,7.173,7.051,6.931,6.812,6.695,6.579,6.465,6.353,6.242,6.133,6.025,5.919,5.815,5.712,5.61,5.51,5.411,5.314,5.218,5.123,5.03,4.938,4.847,4.758,4.669,4.581,4.492,4.405,4.318,4.233,4.149,4.066,3.984
,AH,Population,Billions,Baseline,6.39,6.5848798718,6.680508817,6.7748498915,6.8678474502,6.9594497562,7.0496090353,7.1382815102,7.2254274126,7.3110109767,7.3950004118,7.4773678583,7.5580893265,7.6371446194,7.714517242,7.7901942972,7.864166371,7.9364274072,8.0069745734,8.0758081203,8.1429312346,8.2083498878,8.2720726811,8.3341106885,8.3944772987,8.4531880568,8.5102605066,8.5657140354,8.6195697201,8.6718501774,8.7225794173,8.7717827008,8.8194864025,8.865717878,8.9105053372,8.9538777227,8.9958645943,9.036496019,9.0758024677,9.1138147173,9.1505637593,9.1860807134,9.2203967486,9.2535430081,9.2855505415,9.3164502413,9.3462727852,9.3750485832,9.4028077299,9.4295799609,9.4553946143,9.4802805958,9.5042663482,9.5273798243,9.5496484637,9.5710991727,9.5917583074,9.6116516592,9.6308044442,9.6492412937,9.6669862477,9.6840627506,9.7004936488,9.7163011895,9.7315070221,9.7461322003,9.7601971859,9.7737218535,9.7867254967,9.7992268352,9.8112440221,9.8227946529,9.8338957744,9.8445638947,9.8548149933,9.8646645319,9.8741274649,9.8832182516,9.8919508666,9.9003388125,9.9083951309,9.9161324144,9.9235628188,9.9306980745,9.9375494987,9.9441280068,9.9504441244,9.9565079985,9.9623294093,9.9679177809,9.9732821928,9.9784313906,9.9833737968,9.988117521,9.9926703705,9.9970398601
,AH,Population,Billions,NoBioF,6.39,6.5848798718,6.680508817,6.7748498915,6.8678474502,6.9594497562,7.0496090353,7.1382815102,7.2254274126,7.3110109767,7.3950004118,7.4773678583,7.5580893265,7.6371446194,7.714517242,7.7901942972,7.864166371,7.9364274072,8.0069745734,8.0758081203,8.1429312346,8.2083498878,8.2720726811,8.3341106885,8.3944772987,8.4531880568,8.5102605066,8.5657140354,8.6195697201,8.6718501774,8.7225794173,8.7717827008,8.8194864025,8.865717878,8.9105053372,8.9538777227,8.9958645943,9.036496019,9.0758024677,9.1138147173,9.1505637593,9.1860807134,9.2203967486,9.2535430081,9.2855505415,9.3164502413,9.3462727852,9.3750485832,9.4028077299,9.4295799609,9.4553946143,9.4802805958,9.5042663482,9.5273798243,9.5496484637,9.5710991727,9.5917583074,9.6116516592,9.6308044442,9.6492412937,9.6669862477,9.6840627506,9.7004936488,9.7163011895,9.7315070221,9.7461322003,9.7601971859,9.7737218535,9.7867254967,9.7992268352,9.8112440221,9.8227946529,9.8338957744,9.8445638947,9.8548149933,9.8646645319,9.8741274649,9.8832182516,9.8919508666,9.9003388125,9.9083951309,9.9161324144,9.9235628188,9.9306980745,9.9375494987,9.9441280068,9.9504441244,9.9565079985,9.9623294093,9.9679177809,9.9732821928,9.9784313906,9.9833737968,9.988117521,9.9926703705,9.9970398601
Allocation of Land,E,Protected Land,GHa,Baseline,0.207,0.207,0.207,0.207,0.207,0.207,0.207,0.207,0.207,0.207,0.207,0.207,0.207,0.207,0.207,0.207,0.207,0.207,0.207,0.207,0.207,0.207,0.207,0.207,0.207,0.207,0.207,0.207,0.207,0.207,0.207,0.207,0.20715,0.20766,0.2085,0.20967,0.21117,0.21299,0.21512,0.21754,0.22027,0.22328,0.22657,0.23015,0.23399,0.2381,0.24246,0.24709,0.25196,0.25705,0.26219,0.2674,0.27266,0.27798,0.28335,0.28877,0.29424,0.29976,0.30533,0.31094,0.31659,0.32229,0.32802,0.33379,0.3396,0.34544,0.35132,0.35722,0.36316,0.36913,0.37512,0.38114,0.38718,0.39324,0.39933,0.40544,0.41156,0.4177,0.42385,0.43002,0.4362,0.44239,0.44859,0.4548,0.46101,0.46723,0.47345,0.47967,0.48589,0.4921,0.49831,0.50452,0.51072,0.51691,0.52309,0.52926
Allocation of Land,E,Protected Land,GHa,NoBioF,0.207,0.207,0.207,0.207,0.207,0.207,0.207,0.207,0.207,0.207,0.207,0.207,0.207,0.207,0.207,0.207,0.207,0.207,0.207,0.207,0.207,0.207,0.207,0.207,0.207,0.207,0.207,0.207,0.207,0.207,0.207,0.207,0.207,0.207,0.2072,0.20772,0.20854,0.20966,0.21107,0.21277,0.21474,0.21698,0.21947,0.22222,0.22522,0.22845,0.23192,0.23561,0.23953,0.24365,0.24799,0.25253,0.25726,0.26219,0.26731,0.27262,0.2781,0.28377,0.28958,0.29544,0.30133,0.30726,0.31322,0.31921,0.32524,0.3313,0.33739,0.3435,0.34964,0.35581,0.362,0.36821,0.37445,0.3807,0.38697,0.39326,0.39956,0.40588,0.4122,0.41854,0.42489,0.43125,0.43762,0.44399,0.45037,0.45674,0.46312,0.4695,0.47588,0.48225,0.48861,0.49498,0.50133,0.50767,0.514,0.52032
Consumption of Goods & Services,X,Recreation Services,USD/Cap,Baseline,300.4,295.46,290.72,286.18,281.84,277.68,273.69,269.87,266.21,262.71,259.35,256.14,253.05,250.1,247.27,244.56,241.97,239.48,237.1,234.81,232.63,230.53,228.53,226.6,224.76,223,221.31,219.69,218.14,216.66,215.24,213.88,212.62,211.52,210.57,209.77,209.1,208.57,208.17,207.89,207.73,207.69,207.75,207.92,208.2,208.57,209.04,209.6,210.25,210.98,211.74,212.54,213.36,214.22,215.11,216.03,216.97,217.94,218.94,219.96,221.01,222.08,223.17,224.29,225.43,226.59,227.77,228.96,230.18,231.41,232.65,233.9,235.15,236.42,237.69,238.97,240.26,241.55,242.85,244.16,245.46,246.78,248.09,249.41,250.73,252.05,253.37,254.7,256.03,257.35,258.68,260,261.32,262.65,263.97,265.28
Consumption of Goods & Services,X,Recreation Services,USD/Cap,NoBioF,300.4,295.44,290.69,286.14,281.78,277.6,273.6,269.76,266.09,262.57,259.2,255.96,252.87,249.9,247.05,244.33,241.71,239.21,236.81,234.51,232.3,230.19,228.17,226.23,224.37,222.58,220.88,219.24,217.67,216.17,214.73,213.35,212.02,210.76,209.6,208.59,207.71,206.96,206.34,205.83,205.45,205.17,205,204.93,204.97,205.09,205.31,205.61,206,206.46,207.01,207.63,208.32,209.08,209.9,210.8,211.75,212.77,213.83,214.92,216.03,217.17,218.32,219.5,220.69,221.9,223.13,224.38,225.65,226.93,228.23,229.54,230.86,232.19,233.52,234.86,236.21,237.55,238.9,240.26,241.61,242.97,244.33,245.69,247.06,248.42,249.78,251.14,252.51,253.87,255.23,256.58,257.94,259.29,260.64,261.98
Consumption of Biofuels,AE,Share of Biofuels in Liquid Fuel Consumption,%,Baseline,0.01%,0.01%,0.01%,0.01%,0.02%,0.02%,0.02%,0.02%,0.02%,0.02%,0.02%,0.03%,0.03%,0.03%,0.03%,0.03%,0.04%,0.04%,0.04%,0.04%,0.05%,0.05%,0.06%,0.06%,0.06%,0.07%,0.07%,0.08%,0.08%,0.09%,0.10%,0.10%,0.11%,0.12%,0.13%,0.13%,0.14%,0.15%,0.16%,0.17%,0.19%,0.20%,0.21%,0.22%,0.23%,0.25%,0.27%,0.28%,0.30%,0.31%,0.33%,0.35%,0.37%,0.39%,0.42%,0.44%,0.46%,0.49%,0.51%,0.54%,0.57%,0.60%,0.63%,0.66%,0.70%,0.73%,0.76%,0.80%,0.84%,0.87%,0.92%,0.96%,1.00%,1.04%,1.09%,1.13%,1.18%,1.22%,1.27%,1.32%,1.37%,1.42%,1.47%,1.53%,1.58%,1.64%,1.69%,1.75%,1.81%,1.86%,1.92%,1.99%,2.05%,2.11%,2.18%,2.24%
Consumption of Biofuels,AE,Share of Biofuels in Liquid Fuel Consumption,%,NoBioF,0.03%,0.03%,0.03%,0.03%,0.03%,0.03%,0.03%,0.03%,0.04%,0.04%,0.04%,0.04%,0.04%,0.05%,0.05%,0.05%,0.05%,0.06%,0.06%,0.06%,0.07%,0.07%,0.07%,0.08%,0.08%,0.09%,0.09%,0.10%,0.14%,0.15%,0.15%,0.16%,0.17%,0.18%,0.19%,0.21%,0.24%,1.81%,2.95%,3.81%,4.53%,5.16%,5.72%,6.25%,6.72%,7.20%,7.64%,8.04%,8.46%,8.85%,9.26%,9.64%,10.02%,10.40%,10.76%,11.14%,11.50%,11.89%,12.25%,12.62%,12.99%,13.37%,13.75%,14.14%,14.54%,14.95%,15.32%,15.74%,16.12%,16.50%,16.96%,17.36%,17.78%,18.20%,18.63%,19.07%,19.45%,19.91%,20.38%,20.87%,21.28%,21.79%,22.22%,22.66%,23.21%,23.67%,24.14%,24.62%,25.12%,25.74%,26.26%,26.80%,27.35%,27.91%,28.49%,29.08%
Consumption of Goods & Services,W,Timber Production,USD/cap,Baseline,357.85,363.91,369.95,372.66,375.17,377.8,380.54,383.4,386.39,389.51,392.77,396.16,399.7,403.39,407.24,411.26,415.44,419.8,424.35,429.08,434.02,439.16,444.51,450.08,455.89,461.94,468.24,474.8,481.63,488.74,496.14,503.85,511.89,520.26,528.99,538.09,547.58,557.48,567.8,578.56,589.79,601.5,613.72,626.47,639.77,653.64,668.12,683.23,699.01,715.47,732.64,750.56,769.26,788.78,809.15,830.42,852.62,875.81,900.02,925.3,951.72,979.31,1008.14,1038.27,1069.77,1102.69,1137.1,1173.08,1210.71,1250.06,1291.22,1334.28,1379.33,1426.46,1475.79,1527.42,1581.45,1638.01,1697.22,1759.2,1824.1,1892.05,1963.19,2037.67,2115.68,2197.35,2282.86,2368.07,2437.79,2511.45,2589.12,2670.88,2756.81,2846.99,2941.52,3040.52
Consumption of Goods & Services,W,Timber Production,USD/cap,NoBioF,358.03,364.1,370.17,372.66,375.18,377.81,380.55,383.41,386.4,389.52,392.78,396.17,399.72,403.41,407.26,411.28,415.46,419.83,424.37,429.11,434.04,439.18,444.53,450.11,455.92,461.96,468.26,474.82,481.64,488.75,496.16,503.87,511.89,520.25,528.96,538.04,547.5,557.34,567.61,578.33,589.51,601.16,613.32,626.01,639.24,653.05,667.46,682.49,698.18,714.56,731.65,749.49,768.12,787.57,807.87,829.08,851.23,874.36,898.52,923.75,950.11,977.64,1006.41,1036.47,1067.88,1100.71,1135.03,1170.91,1208.42,1247.66,1288.69,1331.6,1376.5,1423.47,1472.62,1524.05,1577.87,1634.21,1693.17,1754.9,1819.51,1887.16,1957.99,2032.14,2109.78,2191.06,2276.17,2365.29,2452.74,2524.15,2599.58,2679.1,2762.77,2850.68,2942.91,3039.55
,J,Timber Production/Cap,Tons,Baseline,0.35,0.35,0.35,0.34,0.34,0.33,0.33,0.32,0.32,0.31,0.31,0.3,0.3,0.3,0.29,0.29,0.29,0.28,0.28,0.28,0.27,0.27,0.27,0.26,0.26,0.26,0.26,0.26,0.25,0.25,0.25,0.25,0.25,0.25,0.24,0.24,0.24,0.24,0.24,0.24,0.24,0.24,0.24,0.24,0.24,0.24,0.24,0.24,0.24,0.24,0.24,0.24,0.24,0.24,0.24,0.24,0.24,0.24,0.24,0.24,0.25,0.25,0.25,0.25,0.25,0.25,0.26,0.26,0.26,0.26,0.27,0.27,0.27,0.28,0.28,0.28,0.29,0.29,0.29,0.3,0.3,0.31,0.31,0.32,0.32,0.33,0.33,0.34,0.34,0.34,0.34,0.35,0.35,0.35,0.36,0.36
,J,Timber Production/Cap,Tons,NoBioF,0.35,0.35,0.35,0.34,0.34,0.33,0.33,0.32,0.32,0.31,0.31,0.3,0.3,0.3,0.29,0.29,0.29,0.28,0.28,0.28,0.27,0.27,0.27,0.26,0.26,0.26,0.26,0.26,0.25,0.25,0.25,0.25,0.25,0.25,0.24,0.24,0.24,0.24,0.24,0.24,0.24,0.24,0.24,0.24,0.24,0.24,0.24,0.24,0.24,0.24,0.24,0.24,0.24,0.24,0.24,0.24,0.24,0.24,0.24,0.24,0.25,0.25,0.25,0.25,0.25,0.25,0.26,0.26,0.26,0.26,0.27,0.27,0.27,0.28,0.28,0.28,0.29,0.29,0.29,0.3,0.3,0.31,0.31,0.31,0.32,0.32,0.33,0.34,0.34,0.34,0.34,0.35,0.35,0.35,0.36,0.36
,H,UK - 1,,Baseline,0,0,0,0,0,0,0,0,0,0,0,0,0,0,0,0,0,0,0,0,0,0,0,0,0,0,0,0,0,0,0,0,0,0,0,0,0,0,0,0,0,0,0,0,0,0,0,0,0,0,0,0,0,0,0,0,0,0,0,0,0,0,0,0,0,0,0,0,0,0,0,0,0,0,0,0,0,0,0,0,0,0,0,0,0,0,0,0,0,0,0,0,0,0,0,0
,H,UK - 1,,NoBioF,0.0001,0.0001,0.0001,0.0001,0.0001,0.0001,0.0001,0.0001,0.0001,0.0001,0.0001,0.0001,0.0001,0.0001,0.0001,0.0001,0.0001,0.0001,0.0001,0.0001,0.0001,0.0001,0.0001,0.0001,0.0001,0.0001,0.0001,0.0001,0.00027,0.00027,0.00027,0.00027,0.00027,0.00027,0.00027,0.00032,0.00043,0.00721,0.01193,0.01536,0.01808,0.02035,0.02228,0.02397,0.02546,0.0268,0.02802,0.02913,0.03015,0.0311,0.03198,0.0328,0.03358,0.03431,0.03501,0.03567,0.0363,0.03691,0.03748,0.03804,0.03858,0.0391,0.0396,0.04009,0.04056,0.04103,0.04148,0.04192,0.04235,0.04277,0.04318,0.04358,0.04398,0.04437,0.04475,0.04513,0.04551,0.04588,0.04624,0.04661,0.04697,0.04732,0.04768,0.04803,0.04838,0.04872,0.04907,0.04941,0.04976,0.0501,0.05045,0.05079,0.05114,0.05148,0.05183,0.05217
,AS,UK - 10,,Baseline,0.9754701554,0.9493049877,0.9231398201,0.8953393295,0.8683565004,0.8421913328,0.8176614881,0.7931316435,0.7702371218,0.7473426002,0.7260834015,0.7048242028,0.6843826656,0.6647587899,0.6459525756,0.6279640229,0.6099754702,0.5928045789,0.5756336877,0.5600981194,0.5445625511,0.5290269828,0.514309076,0.5004088307,0.4865085854,0.4734260016,0.4603434178,0.447260834,0.4349959117,0.4235486509,0.4112837285,0.4006541292,0.3892068684,0.378577269,0.3687653312,0.3589533933,0.3491414554,0.3401471791,0.3311529027,0.3221586263,0.3139820114,0.3058053966,0.2976287817,0.2894521668,0.2820932134,0.27473426,0.2681929681,0.2608340147,0.2542927228,0.2477514309,0.2420278005,0.2354865086,0.2297628782,0.2240392478,0.2183156173,0.2125919869,0.207686018,0.2027800491,0.1978740801,0.1929681112,0.1888798038,0.1839738348,0.1798855274,0.17579722,0.1717089125,0.1684382666,0.1643499591,0.1610793132,0.1578086672,0.1545380213,0.1520850368,0.1488143908,0.1463614064,0.1439084219,0.140637776,0.1381847915,0.1365494685,0.1340964841,0.1316434996,0.1300081766,0.1283728536,0.1259198692,0.1242845462,0.1226492232,0.1210139002,0.1193785773,0.1185609158,0.1169255928,0.1152902698,0.1136549469,0.1128372854,0.1112019624,0.1095666394,0.1087489779,0.1079313164,0.1062959935
,AS,UK - 10,,NoBioF,0.9754701554,0.9493049877,0.9231398201,0.894521668,0.8675388389,0.8413736713,0.8160261652,0.7914963205,0.7686017989,0.7457072772,0.723630417,0.7023712183,0.6819296811,0.6623058054,0.6434995912,0.6246933769,0.6075224857,0.589533933,0.5731807032,0.5568274734,0.5412919052,0.5257563369,0.5110384301,0.4971381848,0.4832379395,0.4701553557,0.4570727719,0.4439901881,0.4317252657,0.4202780049,0.4080130826,0.3973834832,0.3859362224,0.3753066231,0.3646770237,0.3548650859,0.345053148,0.3385118561,0.3311529027,0.3237939493,0.3164349959,0.3090760425,0.3017170891,0.2943581357,0.2878168438,0.2812755519,0.27473426,0.2681929681,0.2624693377,0.2559280458,0.2502044154,0.244480785,0.2387571545,0.2338511856,0.2281275552,0.2232215863,0.2183156173,0.2142273099,0.209321341,0.2052330335,0.2003270646,0.1962387572,0.1929681112,0.1888798038,0.1847914963,0.1815208504,0.1782502044,0.1749795585,0.1717089125,0.169255928,0.1659852821,0.1635322976,0.1610793132,0.1578086672,0.1561733442,0.1537203598,0.1512673753,0.1496320523,0.1471790679,0.1455437449,0.1439084219,0.1414554374,0.1398201145,0.1381847915,0.13736713,0.135731807,0.1340964841,0.1332788226,0.1316434996,0.1300081766,0.1291905151,0.1275551922,0.1267375307,0.1251022077,0.1242845462,0.1234668847
,AT,UK - 11,,Baseline,6.1344,6.2490509983,6.2596367616,6.2667361496,6.2703447221,6.2774236801,6.2812016505,6.2816877289,6.286121849,6.2874694399,6.28575035,6.2884663689,6.2883303197,6.2853700218,6.2873315522,6.2866867978,6.2834689304,6.2856505065,6.2774680656,6.2749029095,6.2700570507,6.2629709644,6.2619590196,6.2589171271,6.2538855875,6.246905974,6.2380209513,6.2272741037,6.2233293379,6.209044727,6.2017539657,6.1928785868,6.1824599681,6.1705396431,6.157159188,6.1423601178,6.1261837887,6.1177078048,6.0989392583,6.0789144165,6.0668237724,6.0444411094,6.0301394736,6.0055494123,5.9891800993,5.9625281545,5.9442294914,5.9250307046,5.8955604466,5.8746283156,5.8528892662,5.8303725664,5.8071067387,5.7831195533,5.7584380236,5.7330884045,5.7070961929,5.6804861306,5.6532822088,5.6351569155,5.6068520236,5.5877042071,5.5680833544,5.538291678,5.5177644815,5.496818561,5.4754706213,5.4537367942,5.4316326507,5.4189724399,5.3961842121,5.3828914698,5.359473197,5.3455981948,5.3314549114,5.3170541827,5.3024064487,5.2974049828,5.2823017628,5.2669802483,5.2613578145,5.2555501796,5.2495647311,5.2334778853,5.2271510363,5.2306113316,5.2239831653,5.2172101912,5.2102982811,5.2032530816,5.1960800224,5.1987627545,5.1913543743,5.1938211109,5.1861959223,5.1884636874
,AT,UK - 11,,NoBioF,6.1344,6.2490509983,6.2596367616,6.2667361496,6.2703447221,6.2774236801,6.2812016505,6.2888260105,6.286121849,6.2874694399,6.2931453504,6.2959437367,6.295888409,6.2930071664,6.2950460694,6.2944769921,6.2913330968,6.2856505065,6.2854750401,6.2829787176,6.2781999819,6.2793876642,6.2702310923,6.2672512378,6.2622800648,6.255359162,6.2550414724,6.2444055318,6.2405684773,6.2263884274,6.2191991246,6.2104221522,6.2000989409,6.1882710788,6.183890704,6.169221751,6.1621672471,6.1357807969,6.1170908632,6.0971420459,6.0759743362,6.0536271901,6.0301394736,6.0055494123,5.9891800993,5.9625281545,5.9442294914,5.915655656,5.8955604466,5.8651987357,5.8434338716,5.8114120052,5.788098206,5.7640647937,5.7297890782,5.704375107,5.678320918,5.6516511756,5.6243897954,5.5965599503,5.5681840787,5.5392838933,5.5098803925,5.4897101721,5.4593754394,5.4383417678,5.407149241,5.3853207413,5.3631255722,5.3405786252,5.31769426,5.2944863179,5.2709681351,5.2471525559,5.2329067615,5.2085428728,5.1937910465,5.1788063638,5.1635983524,5.1481761825,5.1325486778,5.1167243258,5.1007112889,5.0944481122,5.0780877938,5.0715052835,5.0647760593,5.0479495553,5.0409386811,5.0337984793,5.0265342252,5.0191509895,5.011653646,5.004046878,4.9963351853,4.9885228902
,M,UK - 2,,Baseline,0.96,0.949,0.937,0.925,0.913,0.902,0.891,0.88,0.87,0.86,0.85,0.841,0.832,0.823,0.815,0.807,0.799,0.792,0.784,0.777,0.77,0.763,0.757,0.751,0.745,0.739,0.733,0.727,0.722,0.716,0.711,0.706,0.701,0.696,0.691,0.686,0.681,0.677,0.672,0.667,0.663,0.658,0.654,0.649,0.645,0.64,0.636,0.632,0.627,0.623,0.619,0.615,0.611,0.607,0.603,0.599,0.595,0.591,0.587,0.584,0.58,0.577,0.574,0.57,0.567,0.564,0.561,0.558,0.555,0.553,0.55,0.548,0.545,0.543,0.541,0.539,0.537,0.536,0.534,0.532,0.531,0.53,0.529,0.527,0.526,0.526,0.525,0.524,0.523,0.522,0.521,0.521,0.52,0.52,0.519,0.519
,M,UK - 2,,NoBioF,0.96,0.949,0.937,0.925,0.913,0.902,0.891,0.881,0.87,0.86,0.851,0.842,0.833,0.824,0.816,0.808,0.8,0.792,0.785,0.778,0.771,0.765,0.758,0.752,0.746,0.74,0.735,0.729,0.724,0.718,0.713,0.708,0.703,0.698,0.694,0.689,0.685,0.679,0.674,0.669,0.664,0.659,0.654,0.649,0.645,0.64,0.636,0.631,0.627,0.622,0.618,0.613,0.609,0.605,0.6,0.596,0.592,0.588,0.584,0.58,0.576,0.572,0.568,0.565,0.561,0.558,0.554,0.551,0.548,0.545,0.542,0.539,0.536,0.533,0.531,0.528,0.526,0.524,0.522,0.52,0.518,0.516,0.514,0.513,0.511,0.51,0.509,0.507,0.506,0.505,0.504,0.503,0.502,0.501,0.5,0.499
,Y ,UK - 3,,Baseline,1.193,1.161,1.129,1.095,1.062,1.03,1,0.97,0.942,0.914,0.888,0.862,0.837,0.813,0.79,0.768,0.746,0.725,0.704,0.685,0.666,0.647,0.629,0.612,0.595,0.579,0.563,0.547,0.532,0.518,0.503,0.49,0.476,0.463,0.451,0.439,0.427,0.416,0.405,0.394,0.384,0.374,0.364,0.354,0.345,0.336,0.328,0.319,0.311,0.303,0.296,0.288,0.281,0.274,0.267,0.26,0.254,0.248,0.242,0.236,0.231,0.225,0.22,0.215,0.21,0.206,0.201,0.197,0.193,0.189,0.186,0.182,0.179,0.176,0.172,0.169,0.167,0.164,0.161,0.159,0.157,0.154,0.152,0.15,0.148,0.146,0.145,0.143,0.141,0.139,0.138,0.136,0.134,0.133,0.132,0.13
,Y ,UK - 3,,NoBioF,1.193,1.161,1.129,1.094,1.061,1.029,0.998,0.968,0.94,0.912,0.885,0.859,0.834,0.81,0.787,0.764,0.743,0.721,0.701,0.681,0.662,0.643,0.625,0.608,0.591,0.575,0.559,0.543,0.528,0.514,0.499,0.486,0.472,0.459,0.446,0.434,0.422,0.414,0.405,0.396,0.387,0.378,0.369,0.36,0.352,0.344,0.336,0.328,0.321,0.313,0.306,0.299,0.292,0.286,0.279,0.273,0.267,0.262,0.256,0.251,0.245,0.24,0.236,0.231,0.226,0.222,0.218,0.214,0.21,0.207,0.203,0.2,0.197,0.193,0.191,0.188,0.185,0.183,0.18,0.178,0.176,0.173,0.171,0.169,0.168,0.166,0.164,0.163,0.161,0.159,0.158,0.156,0.155,0.153,0.152,0.151
,AB,UK - 4 ,,Baseline,0,0,0,0,0,0,0,0,0,0,0,0,0,0,0,0,0,0,0,0,0,0,0,0,0,0,0,0,0,0,0,0,0,0,0,0,0,0,0,0,0,0,0,0,0,0,0,0,0,0,0,0,0,0,0,0,0,0,0,0,0,0,0,0,0,0,0,0,0,0,0,0,0,0,0,0,0,0,0,0,0,0,0,0,0,0,0,0,0,0,0,0,0,0,0,0
,AB,UK - 4 ,,NoBioF,0.00039,0.00039,0.0004,0.0004,0.00041,0.00042,0.00042,0.00043,0.00043,0.00044,0.00044,0.00045,0.00045,0.00046,0.00046,0.00047,0.00047,0.00048,0.00048,0.00048,0.00049,0.00049,0.0005,0.0005,0.0005,0.00051,0.00051,0.00052,0.00141,0.00141,0.00142,0.00143,0.00144,0.00145,0.00145,0.00173,0.00231,0.03927,0.06528,0.08441,0.09981,0.11276,0.12396,0.13385,0.14271,0.15074,0.15809,0.16488,0.17118,0.17708,0.18261,0.18784,0.1928,0.19751,0.202,0.2063,0.21042,0.21438,0.21819,0.22188,0.22545,0.2289,0.23226,0.23552,0.2387,0.2418,0.24482,0.24777,0.25065,0.25347,0.25624,0.25895,0.26161,0.26424,0.26682,0.26936,0.27187,0.27435,0.27679,0.27921,0.2816,0.28397,0.28632,0.28864,0.29095,0.29324,0.29552,0.29778,0.30004,0.3023,0.30455,0.3068,0.30904,0.31127,0.3135,0.31572
,AC,UK - 5,,Baseline,0,0,0,0,0,0,0,0,0,0,0,0,0,0,0,0,0,0,0,0,0,0,0,0,0,0,0,0,0,0,0,0,0,0,0,0,0,0,0,0,0,0,0,0,0,0,0,0,0,0,0,0,0,0,0,0,0,0,0,0,0,0,0,0,0,0,0,0,0,0,0,0,0,0,0,0,0,0,0,0,0,0,0,0,0,0,0,0,0,0,0,0,0,0,0,0
,AC,UK - 5,,NoBioF,0.0002,0.0002,0.0002,0.0002,0.0002,0.0002,0.0002,0.0002,0.0002,0.0002,0.0002,0.0002,0.0002,0.0002,0.0002,0.0002,0.0002,0.0002,0.0002,0.0002,0.0002,0.0002,0.0002,0.0002,0.0002,0.0002,0.0002,0.0002,0.0002,0.0002,0.0002,0.0002,0.0002,0.0002,0.0002,0.0003,0.0004,0.0081,0.0143,0.0193,0.0239,0.0282,0.0322,0.0361,0.0399,0.0436,0.0472,0.0508,0.0543,0.0578,0.0612,0.0646,0.068,0.0714,0.0747,0.0781,0.0814,0.0846,0.0879,0.0911,0.0943,0.0975,0.1007,0.1038,0.1069,0.11,0.113,0.1161,0.119,0.122,0.1248,0.1277,0.1305,0.1332,0.136,0.1387,0.1413,0.1439,0.1465,0.149,0.1515,0.154,0.1564,0.1588,0.1611,0.1634,0.1657,0.1679,0.1701,0.1724,0.1746,0.1768,0.179,0.1811,0.1832,0.1853
,AD,UK - 6,,Baseline,0.0006,0.0006,0.0006,0.0006,0.0006,0.0007,0.0008,0.0008,0.0009,0.001,0.001,0.0011,0.0012,0.0013,0.0014,0.0015,0.0016,0.0017,0.0018,0.002,0.0021,0.0023,0.0024,0.0026,0.0028,0.003,0.0032,0.0034,0.0036,0.0039,0.0041,0.0044,0.0046,0.0049,0.0052,0.0056,0.0059,0.0063,0.0066,0.007,0.0074,0.0078,0.0082,0.0087,0.0091,0.0096,0.0101,0.0106,0.0111,0.0117,0.0122,0.0128,0.0134,0.0141,0.0147,0.0154,0.016,0.0167,0.0174,0.0182,0.0189,0.0197,0.0205,0.0213,0.0221,0.0229,0.0237,0.0245,0.0253,0.0262,0.027,0.0279,0.0287,0.0296,0.0304,0.0313,0.0321,0.0329,0.0338,0.0346,0.0354,0.0362,0.0371,0.0378,0.0386,0.0394,0.0402,0.0409,0.0417,0.0424,0.0432,0.0439,0.0446,0.0453,0.046,0.0467
,AD,UK - 6,,NoBioF,0.0006,0.0006,0.0006,0.0006,0.0006,0.0007,0.0008,0.0008,0.0009,0.001,0.001,0.0011,0.0012,0.0013,0.0014,0.0015,0.0016,0.0017,0.0019,0.002,0.0022,0.0023,0.0025,0.0026,0.0028,0.003,0.0032,0.0035,0.0037,0.0039,0.0042,0.0045,0.0048,0.0051,0.0054,0.0057,0.0061,0.0064,0.0067,0.0071,0.0075,0.0079,0.0083,0.0087,0.0091,0.0096,0.0101,0.0106,0.0111,0.0116,0.0122,0.0127,0.0133,0.0139,0.0145,0.0151,0.0157,0.0164,0.017,0.0177,0.0184,0.019,0.0197,0.0204,0.0212,0.0219,0.0226,0.0233,0.0241,0.0248,0.0255,0.0262,0.0269,0.0277,0.0284,0.0291,0.0298,0.0305,0.0312,0.0319,0.0325,0.0332,0.0338,0.0345,0.0351,0.0357,0.0363,0.0369,0.0375,0.0381,0.0387,0.0393,0.0398,0.0404,0.0409,0.0414
,AK,UK - 7 ,,Baseline,0.9754701554,0.9493049877,0.9231398201,0.8953393295,0.8683565004,0.8421913328,0.8176614881,0.7931316435,0.7702371218,0.7473426002,0.7260834015,0.7048242028,0.6843826656,0.6647587899,0.6459525756,0.6279640229,0.6099754702,0.5928045789,0.5756336877,0.5600981194,0.5445625511,0.5290269828,0.514309076,0.5004088307,0.4865085854,0.4734260016,0.4603434178,0.447260834,0.4349959117,0.4235486509,0.4112837285,0.4006541292,0.3892068684,0.378577269,0.3687653312,0.3589533933,0.3491414554,0.3401471791,0.3311529027,0.3221586263,0.3139820114,0.3058053966,0.2976287817,0.2894521668,0.2820932134,0.27473426,0.2681929681,0.2608340147,0.2542927228,0.2477514309,0.2420278005,0.2354865086,0.2297628782,0.2240392478,0.2183156173,0.2125919869,0.207686018,0.2027800491,0.1978740801,0.1929681112,0.1888798038,0.1839738348,0.1798855274,0.17579722,0.1717089125,0.1684382666,0.1643499591,0.1610793132,0.1578086672,0.1545380213,0.1520850368,0.1488143908,0.1463614064,0.1439084219,0.140637776,0.1381847915,0.1365494685,0.1340964841,0.1316434996,0.1300081766,0.1283728536,0.1259198692,0.1242845462,0.1226492232,0.1210139002,0.1193785773,0.1185609158,0.1169255928,0.1152902698,0.1136549469,0.1128372854,0.1112019624,0.1095666394,0.1087489779,0.1079313164,0.1062959935
,AK,UK - 7 ,,NoBioF,0.9754701554,0.9493049877,0.9231398201,0.894521668,0.8675388389,0.8413736713,0.8160261652,0.7914963205,0.7686017989,0.7457072772,0.723630417,0.7023712183,0.6819296811,0.6623058054,0.6434995912,0.6246933769,0.6075224857,0.589533933,0.5731807032,0.5568274734,0.5412919052,0.5257563369,0.5110384301,0.4971381848,0.4832379395,0.4701553557,0.4570727719,0.4439901881,0.4317252657,0.4202780049,0.4080130826,0.3973834832,0.3859362224,0.3753066231,0.3646770237,0.3548650859,0.345053148,0.3385118561,0.3311529027,0.3237939493,0.3164349959,0.3090760425,0.3017170891,0.2943581357,0.2878168438,0.2812755519,0.27473426,0.2681929681,0.2624693377,0.2559280458,0.2502044154,0.244480785,0.2387571545,0.2338511856,0.2281275552,0.2232215863,0.2183156173,0.2142273099,0.209321341,0.2052330335,0.2003270646,0.1962387572,0.1929681112,0.1888798038,0.1847914963,0.1815208504,0.1782502044,0.1749795585,0.1717089125,0.169255928,0.1659852821,0.1635322976,0.1610793132,0.1578086672,0.1561733442,0.1537203598,0.1512673753,0.1496320523,0.1471790679,0.1455437449,0.1439084219,0.1414554374,0.1398201145,0.1381847915,0.13736713,0.135731807,0.1340964841,0.1332788226,0.1316434996,0.1300081766,0.1291905151,0.1275551922,0.1267375307,0.1251022077,0.1242845462,0.1234668847
,AM,UK - 8,,Baseline,116.535069,239.7766794452,364.1435127774,490.9496596605,620.0480170312,751.2868680569,884.5600566352,1019.7320668528,1156.6655675961,1295.2363972754,1435.3053913202,1576.7477747707,1719.4392463781,1863.2486070042,2008.0533513004,2153.7401380652,2300.1819217681,2447.2691363204,2594.8628471175,2742.8580212868,2891.1279475294,3039.5729768255,3188.0800558102,3336.5223771841,3484.8090986123,3632.8276443282,3780.4683459863,3927.6330020725,4074.2353786256,4220.1666419345,4365.3297457737,4508.9640230288,4650.0681202465,4788.5830135384,4924.4466434628,5057.6110834203,5188.0159551626,5315.6237192246,5440.3836931244,5562.2679359044,5681.2257869964,5797.2197017667,5910.2437963242,6020.2502384326,6127.2130580259,6231.1284022509,6331.9773758113,6429.7254762687,6524.6417577569,6617.7462608588,6709.013883046,6798.4114126612,6885.9451360031,6971.6036890488,7055.3580191272,7137.2088517354,7217.1581641896,7295.1801724653,7371.2885725411,7445.478767948,7517.7568062666,7588.119841392,7656.5657822438,7723.1030499969,7787.730846451,7850.4589049426,7911.2876034415,7970.237361437,8027.2997937678,8082.4964642239,8135.8392988162,8187.3211497625,8236.9940243241,8284.8514399714,8330.9164652371,8375.2025827642,8417.7532048289,8458.5922687928,8497.7536913437,8535.2715827833,8571.1900290699,8605.5336539932,8638.3567401763,8669.7038921164,8699.6197156982,8728.1589402601,8755.4160839438,8781.4260893448,8806.2241939383,8829.8752251483,8852.4540222322,8874.0055325362,8894.6046212325,8914.2962048892,8933.1352401322,8951.1764419436
,AM,UK - 8,,NoBioF,117.7324911,242.2577304833,367.9459247859,496.1092498408,626.6136105152,759.348764249,894.1534465949,1030.9339578782,1169.5463370446,1309.8448938585,1451.7267292346,1595.05281993,1739.6912978903,1885.5185207144,2032.4194997187,2180.2732282335,2328.9525025865,2478.3398527983,2628.3276770682,2778.7870493398,2929.6235735118,3080.6969739303,3231.9101292352,3383.1609773491,3534.3336605525,3685.3323395821,3836.0386450424,3986.3543124135,4136.1658665203,4285.4081794038,4433.9666764991,4581.7734158765,4728.7287666905,4873.8582755762,5016.5378744883,5156.6859194998,5294.261703912,5428.064116269,5558.3811052636,5685.403137202,5809.2029180701,5929.8256454878,6047.309880802,6161.6758376427,6272.9322240846,6381.1031276039,6486.1992884128,6588.2174226031,6687.1769996702,6783.0827242727,6875.9422561848,6965.7669008214,7052.5895206159,7136.3983015002,7217.202691892,7295.0240260871,7369.876221608,7441.9287554352,7511.9320252427,7579.9008045318,7645.8316136263,7709.7215521044,7771.6076226121,7831.4790621165,7889.3354676525,7945.1965728412,7999.0825291679,8050.9850170109,8100.9253296796,8148.9056285013,8194.9482176641,8239.0559428681,8281.2517672736,8321.5394715747,8359.9522979409,8396.504142061,8431.2091720317,8464.1015699749,8495.2154167513,8524.5654553948,8552.1961310237,8578.1222908373,8602.3886875039,8625.0598430806,8646.1808413955,8665.7666967897,8683.9122919705,8700.6526238607,8716.042996413,8730.1288635738,8742.9952555102,8754.6673846929,8765.2403630751,8774.7392304505,8783.2390890458,8790.795031143
GHG Emissions,AR,Biofuels Offsets,GtCO2-eq/yr,Baseline,-0.0018487395,-0.0018823529,-0.0018991597,-0.0019327731,-0.0020672269,-0.0022184874,-0.0023865546,-0.0025714286,-0.0027731092,-0.0029747899,-0.0031932773,-0.0034285714,-0.0036806723,-0.0039327731,-0.0042184874,-0.0045210084,-0.0048403361,-0.0051596639,-0.005512605,-0.0058991597,-0.0062857143,-0.0067058824,-0.0071428571,-0.0076134454,-0.0081008403,-0.0086218487,-0.0091764706,-0.0097478992,-0.0103529412,-0.0109747899,-0.0116470588,-0.0123529412,-0.013092437,-0.0138487395,-0.0146554622,-0.0154789916,-0.0163529412,-0.0172605042,-0.0182016807,-0.0191764706,-0.0202016807,-0.0212605042,-0.0223529412,-0.0234957983,-0.0246722689,-0.0258823529,-0.0271428571,-0.0284537815,-0.0297983193,-0.0311764706,-0.032605042,-0.0340672269,-0.0355966387,-0.0371596639,-0.0387731092,-0.0404369748,-0.0421512605,-0.0438991597,-0.045697479,-0.0475294118,-0.0494117647,-0.0513277311,-0.0532773109,-0.0552773109,-0.0572941176,-0.0593613445,-0.0614453782,-0.0635462185,-0.0656638655,-0.0678319328,-0.07,-0.0722016807,-0.0744201681,-0.0766722689,-0.0789243697,-0.0811764706,-0.0834453782,-0.0857310924,-0.0880168067,-0.090302521,-0.0925714286,-0.0948571429,-0.0971260504,-0.099394958,-0.1016470588,-0.1038991597,-0.1061344538,-0.1083529412,-0.110605042,-0.1128403361,-0.1150588235,-0.1172605042,-0.1194453782,-0.1216134454,-0.1237815126,-0.1259159664
GHG Emissions,AR,Biofuels Offsets,GtCO2-eq/yr,NoBioF,-0.0036295614,-0.0036631749,-0.0037256437,-0.0037592571,-0.003939373,-0.0041362956,-0.0043211696,-0.0045348989,-0.0047365796,-0.0050007291,-0.0052192165,-0.0055001727,-0.0057522735,-0.0060668432,-0.0063525575,-0.0066839338,-0.0070032616,-0.0074018649,-0.007754806,-0.0081413607,-0.0085735774,-0.0090105522,-0.0094931891,-0.009980584,-0.010467979,-0.0110514562,-0.011606078,-0.0122399754,-0.0169089444,-0.0175644066,-0.0182823376,-0.0190506888,-0.0198526534,-0.0206882315,-0.0215117609,-0.0236474425,-0.0272034074,-0.1968108668,-0.3164855531,-0.4047783278,-0.4760727524,-0.5362471893,-0.5884475653,-0.6347166264,-0.6763161045,-0.7141760485,-0.7489645831,-0.7812296535,-0.8113077012,-0.839609685,-0.8662389778,-0.8915656345,-0.9156762212,-0.9386956755,-0.9607441771,-0.9819587123,-1.0024017497,-1.0221310003,-1.0412089329,-1.0597725337,-1.0778386094,-1.0953735467,-1.1125311385,-1.1292657227,-1.1456518169,-1.1617062277,-1.1773953417,-1.1927984344,-1.2078986992,-1.2227249914,-1.2373397797,-1.2516805955,-1.2658099075,-1.2798190399,-1.2935998619,-1.3071980354,-1.3206592226,-1.3340002302,-1.3471417827,-1.3601920111,-1.3731052531,-1.3859103641,-1.398624151,-1.4111841449,-1.4236984767,-1.4360878708,-1.4484316028,-1.4606503971,-1.4728691915,-1.4851047926,-1.4972779249,-1.5094174437,-1.5215113004,-1.5335258816,-1.545523656,-1.5574757684
Allocation of Land,C,Unmanaged Forests,GHa,Baseline,2.47,2.463,2.456,2.449,2.442,2.435,2.428,2.422,2.415,2.408,2.402,2.395,2.389,2.383,2.376,2.37,2.364,2.358,2.352,2.346,2.34,2.334,2.328,2.322,2.316,2.311,2.305,2.299,2.293,2.288,2.282,2.277,2.271,2.266,2.26,2.255,2.249,2.244,2.239,2.233,2.228,2.223,2.218,2.212,2.207,2.202,2.197,2.192,2.187,2.182,2.176,2.171,2.166,2.161,2.155,2.15,2.144,2.139,2.133,2.128,2.122,2.116,2.111,2.105,2.099,2.093,2.087,2.081,2.076,2.07,2.064,2.058,2.051,2.045,2.039,2.033,2.027,2.021,2.015,2.009,2.002,1.996,1.99,1.984,1.978,1.971,1.965,1.959,1.953,1.947,1.94,1.934,1.928,1.922,1.916,1.909
Allocation of Land,C,Unmanaged Forests,GHa,NoBioF,2.47,2.463,2.455,2.448,2.44,2.433,2.426,2.419,2.412,2.405,2.398,2.391,2.384,2.378,2.371,2.364,2.357,2.351,2.344,2.338,2.331,2.325,2.318,2.312,2.306,2.299,2.293,2.287,2.281,2.274,2.268,2.262,2.256,2.25,2.244,2.237,2.231,2.225,2.219,2.213,2.207,2.201,2.195,2.189,2.183,2.177,2.171,2.165,2.16,2.154,2.148,2.142,2.136,2.13,2.124,2.118,2.113,2.107,2.101,2.095,2.089,2.083,2.077,2.071,2.065,2.059,2.053,2.047,2.041,2.035,2.029,2.022,2.016,2.01,2.004,1.997,1.991,1.985,1.978,1.972,1.966,1.959,1.953,1.947,1.94,1.934,1.927,1.921,1.915,1.908,1.902,1.896,1.889,1.883,1.877,1.87
GHG Emissions,AG,Use of Fertilizers ,GtCO2-eq/yr,Baseline,3.966,3.859,3.753,3.64,3.531,3.425,3.324,3.225,3.131,3.039,2.951,2.866,2.783,2.703,2.626,2.552,2.48,2.41,2.342,2.277,2.213,2.151,2.092,2.034,1.978,1.924,1.871,1.819,1.769,1.721,1.673,1.628,1.583,1.54,1.499,1.459,1.42,1.382,1.346,1.31,1.276,1.242,1.21,1.178,1.147,1.118,1.09,1.061,1.034,1.008,0.983,0.958,0.934,0.911,0.888,0.866,0.845,0.824,0.804,0.785,0.767,0.749,0.732,0.715,0.699,0.685,0.669,0.656,0.642,0.629,0.618,0.605,0.595,0.584,0.573,0.563,0.554,0.545,0.536,0.528,0.521,0.513,0.506,0.499,0.492,0.486,0.481,0.475,0.469,0.463,0.458,0.452,0.447,0.442,0.438,0.433
GHG Emissions,AG,Use of Fertilizers ,GtCO2-eq/yr,NoBioF,3.967,3.859,3.752,3.637,3.527,3.421,3.318,3.219,3.124,3.032,2.943,2.857,2.774,2.693,2.616,2.541,2.469,2.398,2.33,2.264,2.201,2.139,2.079,2.021,1.965,1.911,1.858,1.806,1.756,1.708,1.66,1.615,1.569,1.526,1.484,1.443,1.404,1.376,1.346,1.316,1.286,1.256,1.227,1.198,1.17,1.143,1.117,1.091,1.066,1.041,1.017,0.994,0.972,0.95,0.929,0.908,0.889,0.87,0.851,0.834,0.816,0.799,0.784,0.768,0.752,0.738,0.725,0.711,0.699,0.687,0.675,0.664,0.654,0.643,0.634,0.624,0.615,0.607,0.599,0.591,0.584,0.576,0.569,0.563,0.558,0.551,0.546,0.541,0.535,0.529,0.525,0.519,0.515,0.509,0.505,0.501
